Episode,Reward,Loss
1,0.0,0.0
2,0.0,0.0
3,0.0,0.0
4,0.0,0.0
5,0.0,0.0
6,0.0,0.0
7,2.7629875559656396,0.0
8,0.0,0.0
9,0.0,0.0
10,0.0,0.0
11,0.0,0.0
12,0.0,0.0
13,0.0,0.0
14,0.0,0.0
15,0.0,0.0
16,0.0,0.0
17,0.0,0.0
18,0.0,0.0
19,1.2339567274659002,0.0
20,0.0,0.0
21,0.715376580364218,0.0
22,0.0,0.0
23,0.0,0.0
24,0.0,0.0
25,0.0,0.0
26,0.0,0.0
27,0.0,0.0
28,4.427182292154305,0.0
29,0.0,0.0
30,0.0,0.0
31,1.9053764149259833,0.0
32,1.3819695676009927,0.07140719145536423
33,1.2966825891301528,0.06992749497294426
34,1.5382018730988212,0.07635432481765747
35,0.0,0.07961153984069824
36,0.0,0.06690220162272453
37,6.406130319742828,0.08672489784657955
38,2.701714380942964,0.06660453975200653
39,0.0,0.09453210234642029
40,1.5283788721236187,0.12480150908231735
41,0.0,0.14352276921272278
42,0.0,0.09465416520833969
43,2.130181396433574,0.1317257210612297
44,0.0,0.1422674059867859
45,0.0,0.14842985570430756
46,0.0,0.14895932376384735
47,0.0,0.13553453981876373
48,0.8464704932635074,0.08788480050861835
49,0.0,0.14042462408542633
50,0.0,0.11046909913420677
51,0.0,0.13920000195503235
52,4.678146621636017,0.09397824294865131
53,0.0,0.11619320511817932
54,3.746333760055741,0.12644710888465246
55,0.0,0.10295289009809494
56,0.0,0.08515217900276184
57,0.0,0.09633654356002808
58,2.098450658099636,0.16684191673994064
59,0.0,0.12972554564476013
60,0.0,0.18939511477947235
61,0.0,0.1254277601838112
62,0.0,0.12835659459233284
63,0.0,0.09752531349658966
64,0.0,0.14670710265636444
65,0.0,0.0690673217177391
66,0.0,0.11820628494024277
67,1.6481583201270447,0.10668078809976578
68,2.2138466361669407,0.1546429544687271
69,0.0,0.08619271218776703
70,0.0,0.1841118335723877
71,0.0,0.10243484377861023
72,0.0,0.099791519343853
73,0.0,0.1361558511853218
74,0.0,0.09009625017642975
75,0.0,0.08954216539859772
76,0.0,0.07573486864566803
77,0.0,0.0927327424287796
78,0.0,0.06680503487586975
79,3.230121159831064,0.11455880478024483
80,0.0,0.07467082887887955
81,0.0,0.10940910875797272
82,0.0,0.10070861130952835
83,0.0,0.04725169017910957
84,0.0,0.13634127378463745
85,0.0,0.06930392235517502
86,0.0,0.11164852604269981
87,0.0,0.12800286710262299
88,0.0,0.08748149126768112
89,0.0,0.1462562084197998
90,0.0,0.05160628259181976
91,0.0,0.07506825029850006
92,0.0,0.04487297683954239
93,0.0,0.08823647350072861
94,0.36671759748615307,0.12373821064829826
95,0.0,0.0844993144273758
96,0.0,0.047530896961688995
97,0.0,0.09939491748809814
98,0.0,0.16345582902431488
99,0.0,0.14463959634304047
100,0.0,0.17316307127475739
101,0.0,0.11959290504455566
102,0.0,0.08912959570686023
103,0.0,0.09777691215276718
104,0.0,0.12752409279346466
105,0.6089710605774225,0.057821741327643394
106,0.0,0.09161913022398949
107,0.0,0.057313308119773865
108,0.0,0.045287348330020905
109,0.0,0.031427882611751556
110,0.0,0.05590631067752838
111,0.0,0.036589041352272034
112,0.0,0.044192299246788025
113,0.0,0.04846607381477952
114,0.0,0.08321762084960938
115,3.0999689753097477,0.04436072458823522
116,0.0,0.026557449251413345
117,0.0,0.031572071835398674
118,0.0,0.0238273860886693
119,0.0,0.018911727238446474
120,4.279361068819387,0.007813103031367064
121,0.0,0.00444511588041981
122,0.0,0.006072890013456345
123,0.0,0.009418695699423552
124,3.210601802847661,0.011458848603069782
125,1.9507973029932955,0.010107133071869612
126,0.5417022601354865,0.005841605830937624
127,0.0,0.004663377068936825
128,1.2029110715968747,0.0030497838743031025
129,0.0,0.0029104103450663388
130,0.0,0.0037754143122583628
131,2.2983204468702976,0.002912528463639319
132,0.0,0.0028663357786302057
133,5.137258737967823,0.002941895043477416
134,0.0,0.0023364952066913247
135,0.0,0.06859064029995351
136,0.0,0.14090748131275177
137,0.0,0.10675285197794437
138,0.0,0.1214519515633583
139,3.847015624317545,0.08277694880962372
140,0.09696846227116593,0.10960013791918755
141,0.0,0.12499363906681538
142,2.212284021793628,0.06865128874778748
143,0.0,0.12241528928279877
144,0.0,0.10469289124011993
145,5.826568825611668,0.10310515016317368
146,0.0,0.08794590830802917
147,0.0,0.11441811174154282
148,0.0,0.09437453746795654
149,0.0,0.11991009530093935
150,2.205515196245459,0.1384357400238514
151,2.465012083427267,0.09236929938197136
152,0.0,0.14532196521759033
153,6.597451568324393,0.13000873724619547
154,5.817974131149412,0.11911791030849729
155,0.0,0.11849527060985565
156,0.0,0.19059719145298004
157,0.0,0.11247025430202484
158,0.0,0.07371965050697327
159,0.0,0.13609567359089852
160,4.5919496411319365,0.11071285605430603
161,0.0,0.12268661707639694
162,9.33073132960469,0.08963164463639259
163,0.0,0.14356810599565506
164,0.0,0.09589609214001232
165,6.340652397367512,0.14841389656066895
166,0.0,0.10888880863785744
167,0.0,0.1222832016646862
168,0.0,0.1619754070416093
169,1.9138700410236171,0.1219466831535101
170,0.0,0.07289864309132099
171,5.887773905060089,0.12453136051243002
172,8.08775044030989,0.12973851710557938
173,0.0,0.16511079668998718
174,3.459982321018362,0.15808611114819845
175,0.0,0.18162035942077637
176,0.054233951774569696,0.17083018024762472
177,9.190024890632552,0.14543400146067142
178,3.4077952326089216,0.12470689912637074
179,2.7064239821081713,0.1365986317396164
180,0.0,0.14231545776128768
181,0.0,0.15477522183209658
182,3.7845813818867966,0.11699341796338558
183,2.4349969916671252,0.1307235782345136
184,0.0,0.15504579139607294
185,3.600489905733492,0.13510566328962645
186,0.0,0.13516883380137956
187,0.3265453562999104,0.13364182909329733
188,0.0,0.1709289774298668
189,0.0,0.12230034321546554
190,0.0,0.19587568938732147
191,0.0,0.09033781290054321
192,0.0,0.14093584939837456
193,2.97100750149986,0.13116137571632863
194,0.0,0.12293299618694517
195,0.0,0.15209506452083588
196,0.9336193198350402,0.16242817044258118
197,0.0,0.18848226219415665
198,5.813245802118516,0.17901658415794372
199,0.0,0.12422020733356476
200,0.0,0.143113411962986
201,4.040481686614542,0.14805804938077927
202,0.0,0.16299022237459818
203,0.0,0.1318165510892868
204,1.5209834573837149,0.16952958703041077
205,0.0,0.17454155534505844
206,0.0,0.12670910656452178
207,0.0,0.138748899102211
208,0.5761685498289518,0.1546885445713997
209,2.255628300761082,0.13801569398492575
210,0.0,0.08282233774662018
211,0.016635537594103286,0.12657997710630298
212,0.0,0.15426415701707205
213,0.0,0.19931253790855408
214,0.0,0.12373872846364975
215,0.0,0.1341746842695607
216,1.8597280765815505,0.07773585120836894
217,0.0,0.15507186452547708
218,6.090603975950979,0.13001645356416702
219,0.0,0.10684737712144851
220,3.651785608115561,0.16852471232414246
221,3.646649300037334,0.09103342642386754
222,0.0,0.09908933192491531
223,1.5639808040955319,0.14012732915580273
224,4.18369129771431,0.11746122688055038
225,0.0,0.11402733027935028
226,0.464697091097033,0.16119170933961868
227,0.0,0.1133446330204606
228,0.0,0.12682612612843513
229,0.0,0.07975271344184875
230,3.730436615059983,0.07974432657162349
231,6.375701480958019,0.09954828893144925
232,0.0,0.10012896358966827
233,4.188957146693598,0.13595910370349884
234,3.767195912465056,0.13205496221780777
235,0.0,0.10285160597413778
236,0.0,0.13994057849049568
237,3.106986883519289,0.13332680116097131
238,0.0,0.07009327411651611
239,0.0,0.10207995133740562
240,2.175670341491647,0.09316133459409077
241,0.0,0.10184038407169282
242,0.0,0.12098542932007048
243,6.80426735123737,0.11756666998068492
244,0.0,0.0925220176577568
245,0.0,0.1392621397972107
246,0.0,0.09990320603052776
247,0.0,0.116420216858387
248,4.176774870848811,0.13686783611774445
249,0.0,0.0696452334523201
250,1.7602935343711799,0.0969032992919286
251,4.348977487027653,0.10947774882827487
252,4.87722702993328,0.11666184233931395
253,0.0,0.09902960062026978
254,5.368546709733397,0.10185206681489944
255,3.0262569524253506,0.1336044818162918
256,0.0,0.0941033586859703
257,0.0,0.10549868729252082
258,0.0,0.09295883898933728
259,8.592099023813883,0.11470670402050018
260,4.365637578333822,0.10754822194576263
261,2.9771600543334116,0.10897792726755143
262,1.9081752570517838,0.09295464120805264
263,0.0,0.12318464616934459
264,7.781388953309992,0.10290078073740005
265,3.009511987773522,0.1338567744408335
266,5.411673039105717,0.09333446994423866
267,7.703959517141919,0.0960455596446991
268,8.442893071910174,0.1407628059387207
269,5.127884920045654,0.12662986479699612
270,0.0,0.10383746773004532
271,4.748044570289973,0.16126560792326927
272,0.0,0.16848129034042358
273,0.0,0.06154637038707733
274,8.350236306199353,0.18095215037465096
275,0.0,0.1205675732344389
276,7.800002611105343,0.11280755947033565
277,0.21478277858553155,0.1384466215968132
278,3.92230393670304,0.14809636026620865
279,0.0,0.12749777268618345
280,3.403813924833243,0.15965689222017923
281,0.0,0.13278112477726406
282,0.0,0.1360287219285965
283,0.0,0.14890513403548133
284,4.386684815852963,0.12431001849472523
285,3.030199827502863,0.0945422425866127
286,0.0,0.1360405691795879
287,0.0,0.16135933995246887
288,0.0,0.16856555454432964
289,0.0,0.1466459259390831
290,0.0,0.11119493354971592
291,0.0,0.10988662888606389
292,0.0,0.11720696091651917
293,0.0,0.13595560292402903
294,7.87561964463419,0.11316859935011182
295,0.0,0.1791396290063858
296,0.0,0.10458424004415671
297,0.0,0.11988642066717148
298,5.23674948198755,0.1502986282110214
299,0.0,0.15117887804905575
300,0.0,0.1052238941192627
301,0.0,0.13069577089377812
302,0.0,0.14577292583205484
303,5.529173592570939,0.15207237005233765
304,0.0,0.08636410534381866
305,0.12333825217114495,0.10036347646798406
306,0.0,0.14541681376951082
307,4.007613909924435,0.13745462521910667
308,0.0,0.1350894272327423
309,0.0,0.12894383463121595
310,0.0,0.17306208610534668
311,7.660684931955348,0.14492490291595458
312,0.0,0.15063570180664893
313,8.537754402103037,0.12576780915260316
314,5.236893390929341,0.11068419367074966
315,4.738150361638773,0.13331051915884018
316,0.0,0.18170219659805298
317,0.0,0.20130303502082825
318,4.813886147838318,0.11040640249848366
319,3.9593334444753245,0.12389684095978737
320,0.0,0.1328956127166748
321,0.0,0.1328487065346802
322,4.339766046150568,0.10693681426346302
323,5.799471207051177,0.1562187485396862
324,0.0,0.13177120933930078
325,0.0,0.11171725965463199
326,0.0,0.10878524836152792
327,2.32417552530524,0.09214670645693938
328,0.0,0.1253651955298015
329,4.2680251484291745,0.09871869161725044
330,2.426496329501415,0.12779665241638818
331,0.0,0.12664873898029327
332,0.0,0.10833274014294147
333,4.268594223761473,0.11926798957089584
334,9.62468282872359,0.12292871003349622
335,0.0,0.15364239116509756
336,7.316027980913176,0.10773097574710847
337,0.025309827914199605,0.11030834168195724
338,4.1504304734603386,0.12674005861793244
339,1.7711848397397731,0.13103904403173006
340,0.0,0.13696656934916973
341,0.0,0.10228598117828369
342,3.7755507791074536,0.14814027895530066
343,5.565234501453169,0.13973123878240584
344,0.46125270473720514,0.11143631041049958
345,0.0,0.14828480035066605
346,0.0,0.13069371576420963
347,0.0,0.09552927017211914
348,1.0215218614622186,0.13556642416450712
349,0.0,0.1218582088748614
350,0.0,0.18728642165660858
351,6.77626579518972,0.140426866710186
352,0.0,0.1422148495912552
353,2.7804246993936723,0.12065845976273219
354,0.11030490280150121,0.12173879891633987
355,0.0,0.15769313871860505
356,1.9987486672696995,0.11728040022509438
357,4.659736471399579,0.08487022916475932
358,6.403501349718266,0.13333753645420074
359,3.1989785640474446,0.10058654472231865
360,0.0,0.11092341352592815
361,1.2911258648031416,0.12954515335150063
362,0.5093402025860528,0.11711495959510405
363,0.0,0.04957834631204605
364,3.837674154389756,0.13411070555448532
365,0.0,0.13216752856969832
366,3.8593320736106502,0.11259934492409229
367,3.0298441728089864,0.10569142053524654
368,0.0,0.10001620976254344
369,4.281028663757589,0.1433338090777397
370,0.0,0.08375184237957001
371,0.0,0.1199252237048414
372,0.0,0.16592817567288876
373,6.593279562394707,0.14139290899038315
374,0.373759941373623,0.09863553568720818
375,2.021225570989199,0.14849703898653388
376,2.4673444310474237,0.12265471648424864
377,0.0,0.12871383056044577
378,5.3867553186659975,0.09927632287144661
379,0.0,0.1236424201301166
380,3.6012131176117097,0.13120705634355545
381,2.8410699287229946,0.18030491098761559
382,3.7932818491170703,0.11368518136441708
383,3.565041094546872,0.11137685477733612
384,0.0,0.14531619598468146
385,0.0,0.18501806259155273
386,0.0,0.09096197783946991
387,0.0,0.10681479213138421
388,4.2677259937936345,0.188525028526783
389,0.0,0.11814807914197445
390,1.0930321923468322,0.102521684552942
391,4.166963710076338,0.15695539489388466
392,2.5956164318817443,0.12721758633852004
393,0.0,0.12046823538839817
394,0.0,0.18913967907428741
395,0.0,0.1767302304506302
396,0.0,0.10881798770278692
397,0.0,0.07746075931936502
398,0.0,0.09310593456029892
399,0.0,0.1335966020822525
400,2.429231775759976,0.12909422318140665
401,0.0,0.09992040693759918
402,4.387537514275886,0.10683710873126984
403,3.0941831718911867,0.12818523347377778
404,0.0,0.08849019929766655
405,0.0,0.13297314445177713
406,3.3375911502911126,0.13259369432926177
407,2.3909955095815203,0.10743046241501968
408,4.639001923262077,0.1435478925704956
409,0.0,0.20625242590904236
410,3.5574060510054752,0.13914373765389124
411,0.0,0.10790608279608391
412,4.74988532915242,0.13095820993185042
413,1.3687492770071006,0.12100190603557755
414,0.0,0.12152457796037197
415,1.6926761020145749,0.11287060379981995
416,1.1504123172815328,0.11442820727825165
417,3.0594908123059854,0.12919319917758307
418,5.0890055827327325,0.12763216719031334
419,0.0,0.11013925820589066
420,3.877409006835224,0.1358580719679594
421,1.7902279205246165,0.13222513986485346
422,0.0,0.12640123441815376
423,0.0,0.11919138319790364
424,6.335787998747908,0.12110283225774765
425,5.593688455726304,0.11036025236050288
426,3.5676121612412057,0.079248641928037
427,3.301762583694031,0.12141260132193565
428,4.055463825823426,0.10412530414760113
429,3.9787432461340653,0.12461026757955551
430,0.0,0.10207558795809746
431,5.34796142605857,0.09346500784158707
432,0.0,0.16428793470064798
433,2.7643446715744746,0.1243157908320427
434,0.0,0.10012732446193695
435,0.0,0.2121327519416809
436,0.0,0.15640177205204964
437,1.4362708655365326,0.1352906972169876
438,7.439590794584294,0.11805277069409688
439,4.837294827838238,0.12778636068105698
440,4.241121240395001,0.15073763020336628
441,0.0,0.12357297220400401
442,2.8206211775101875,0.10995185375213623
443,3.453121500282123,0.09469148640831311
444,0.0,0.12002791158663921
445,0.0,0.1770908236503601
446,0.0,0.14663036093115805
447,0.12509938108644042,0.16678392887115479
448,0.0,0.0994144572565953
449,0.0,0.1153310829630265
450,6.4976238403245805,0.11260594613850117
451,2.3256099041954665,0.11646771265400781
452,5.305853416099376,0.1526370346546173
453,4.286090047438904,0.13059958815574646
454,4.534473348150204,0.14086909219622612
455,2.8345338191560536,0.09557414303223292
456,4.119958376166472,0.13266628483931223
457,4.376088823267251,0.09674316644668579
458,2.363373430125979,0.12373794429004192
459,0.0,0.12315286695957184
460,0.0,0.1430365853011608
461,5.719517684169399,0.14338044077157974
462,3.7908025332297917,0.0986532773822546
463,3.0035369752640437,0.11366869923141268
464,4.638472507842816,0.18127602338790894
465,0.0,0.12278017401695251
466,1.6766800153898531,0.15833132527768612
467,3.378038266669835,0.13088114683826765
468,0.0,0.1443496334552765
469,3.4492510341974087,0.13963519595563412
470,0.0,0.13041140288114547
471,0.0,0.1521066427230835
472,5.2397077537520245,0.1443052738904953
473,3.050734604698966,0.0968734435737133
474,3.643009729946014,0.12467263489961625
475,2.229565827488946,0.11424970906227827
476,4.514466950031461,0.09916721036036809
477,4.390998506048368,0.12781107984483242
478,0.0,0.12045335601128283
479,4.165035602458608,0.11370212752372026
480,2.6599994905722864,0.13174092397093773
481,0.0,0.10079407505691051
482,0.0,0.11214959248900414
483,5.379528406173335,0.1331746776898702
484,0.0,0.144573874771595
485,2.040654329614283,0.10835879600860855
486,2.319408390465401,0.11960847194616993
487,4.634792163958719,0.1312107527628541
488,0.0,0.12264106944203376
489,3.794322961686649,0.13753764517605305
490,3.648052268833068,0.1014831930398941
491,9.39903120261895,0.15182960405945778
492,5.2633450617631095,0.1007968137661616
493,0.0,0.09062540531158447
494,6.624460795555622,0.09121672933300336
495,0.0,0.048280540853738785
496,0.0,0.1170908484607935
497,0.0,0.12129154242575169
498,3.913040347090891,0.15101691832145056
499,3.239202293744738,0.11383023485541344
500,0.0,0.11971109413674899
501,0.0,0.10920435215036074
502,3.665327633511082,0.10861546918749809
503,2.115746588648929,0.09610775765031576
504,0.0,0.10953591453532378
505,0.0,0.10988814197480679
506,0.0,0.11951547339558602
507,0.0,0.09282977879047394
508,0.0,0.1041574003174901
509,0.0,0.09034524361292522
510,2.9231971283503837,0.1206564798951149
511,6.35828138879851,0.13520061373710632
512,0.0,0.1145304786041379
513,0.0,0.12555070157561984
514,2.1744381082323607,0.11073282361030579
515,0.0,0.0896960666610135
516,2.735507004522679,0.10862397721835546
517,3.6991353692897757,0.10587009787559509
518,5.028781245748995,0.1003650575876236
519,0.5712786722428056,0.11408288776874542
520,1.4652634740291166,0.11029929419358571
521,3.687136023460333,0.12365130241960287
522,0.0,0.20623821020126343
523,5.343999819790693,0.08520622178912163
524,4.533578543551094,0.13341625117593342
525,2.1429625057880877,0.11547364418705304
526,3.010027666546419,0.09726474666967988
527,0.0,0.09995462853265435
528,0.0,0.08193286259969075
529,0.0,0.11882530897855759
530,0.0,0.12370064854621887
531,2.6191180302930235,0.11539937644020508
532,2.0825354525323756,0.11316568297999245
533,5.5305086971758755,0.11004035236934821
534,0.0,0.10993859597614833
535,6.005390361419129,0.11929324695042201
536,5.259267730255904,0.15272406488656998
537,3.322252698876548,0.09867137546340625
538,2.586288302303554,0.10968047908196847
539,2.586742843774455,0.10411623617013295
540,3.990885121172088,0.09244136263926823
541,3.2694405728982896,0.13534320252282278
542,2.76431636947512,0.08142387643456458
543,0.0,0.1526046134531498
544,5.926600928883689,0.12198532558977604
545,2.982850285296223,0.1174324844032526
546,5.991206425835003,0.11971085146069527
547,7.63550762249087,0.12566974759101868
548,0.06686198936933307,0.11145260711682253
549,0.0,0.09962832058469455
550,0.0,0.1217237382772423
551,6.777834586960689,0.11360990504423778
552,2.2087316200981366,0.13021877110004426
553,4.040793580723493,0.11365062495072682
554,0.0,0.10128466541377398
555,4.651230451748839,0.10951559692621231
556,4.492919472014776,0.12631149776279926
557,0.0,0.09345483034849167
558,0.0,0.10740977744845782
559,0.0,0.1288718655705452
560,2.3626335837848806,0.10411122255027294
561,2.923637522666755,0.12340880930423737
562,2.2569458724915608,0.13777504364649454
563,3.5092487711488474,0.11461391765624285
564,4.5982887154121554,0.10860980488359928
565,2.455577963187543,0.0960549358278513
566,4.38687166237356,0.09779868042096496
567,2.5589999024799726,0.12177501618862152
568,3.435640128866234,0.10743142064893618
569,2.782977796649497,0.09908466902561486
570,5.433801274152598,0.09358161439498265
571,0.0,0.09428581438566509
572,3.852958796923176,0.0831269035520761
573,2.935353108028839,0.0997600007802248
574,3.4856805650929235,0.1259155198931694
575,2.0038907553446386,0.10139043192411291
576,0.0,0.1310187727212906
577,5.044148971641321,0.03961607255041599
578,6.405248343493152,0.11479476373642683
579,5.155560038626461,0.09462432283908129
580,6.564409631215456,0.046659862622618675
581,0.0,0.13410285115242004
582,0.0,0.10528328195214272
583,5.134200008831457,0.12973645959909147
584,1.9789931187618839,0.11146660499713
585,5.3291886923637914,0.10938718116709165
586,0.0,0.10742531311900719
587,10.322033037978573,0.09724235236644745
588,0.0,0.10537545382976532
589,0.0,0.11111979186534882
590,0.650610363598055,0.09437099418469838
591,7.658912240671136,0.09596068412065506
592,0.0,0.10800742624061448
593,3.4304247175960665,0.09680219653707284
594,0.0,0.06507020443677902
595,0.0,0.095464694264688
596,3.5461227234874677,0.10116299738486607
597,4.723015786257448,0.10999424606561661
598,1.532748874275592,0.11254626035690307
599,5.179477276714537,0.14375891909003258
600,7.391490931264979,0.09810585714876652
601,0.0,0.10395842384208333
602,0.0,0.10028276219964027
603,0.0,0.07897675344720483
604,0.0,0.07653942704200745
605,3.496493847325595,0.11489001959562302
606,4.382304765008403,0.08906704410910607
607,2.9492417150844483,0.10190054575602213
608,5.927284970989193,0.09797502200429638
609,3.1775406649856284,0.09786421433091164
610,2.5149137746002515,0.07993337192705699
611,5.036437832827958,0.09262881924708684
612,3.044365773006014,0.08717610302471346
613,7.529519031285188,0.09028594195842743
614,0.0,0.08627821756526828
615,3.407879653085336,0.07899907479683559
616,2.7245375067593858,0.08809135481715202
617,3.5479357269704233,0.08753334917128086
618,0.0,0.10785882920026779
619,3.8428209189005975,0.08593544363975525
620,0.0,0.08256375541289647
621,4.823872462851318,0.10464406944811344
622,0.0,0.09560343508536999
623,3.3520211404762397,0.1129895031452179
624,1.8269383778789567,0.09199157773571856
625,0.0,0.09969004616141319
626,4.893046310276198,0.08391046275695165
627,5.279294622404734,0.1088284154733022
628,5.129208091751761,0.12002616748213768
629,5.340369751990448,0.10949972106350793
630,0.0,0.11480823407570521
631,10.370556768933998,0.08238334208726883
632,6.111881911143242,0.15090468029181162
633,7.78909647646124,0.10237629959980647
634,4.6093392119700445,0.12862900085747242
635,0.0,0.10573789790272713
636,3.7608853794432524,0.1029103414288589
637,4.039388648466127,0.09154061103860538
638,4.686081043795479,0.08786892592906952
639,6.831998099575647,0.0964783990177615
640,6.4975852602875905,0.08712862742443879
641,2.1112685220001373,0.1099143736064434
642,6.599505079256414,0.09617744199931622
643,0.0,0.1119884998701951
644,9.459732144502276,0.09629157036542893
645,0.0,0.19841860234737396
646,2.161683609002609,0.12569316815246234
647,4.99090580740923,0.11884888344340855
648,4.735992669713842,0.10454922169446945
649,0.0,0.11490312011705504
650,4.682012979884862,0.11313364778955777
651,4.725844624920153,0.11886871606111526
652,2.1713737229475543,0.12016720668627666
653,3.1004942546348624,0.12715356051921844
654,8.010811567187607,0.13531356006860734
655,4.625934683533365,0.1250110020970597
656,6.094982251019952,0.1285181324928999
657,0.0,0.13341831540067992
658,0.0,0.11471250067864146
659,5.554826646260372,0.12107174595197041
660,2.4773726255774426,0.0989006193620818
661,5.291984970943684,0.05734187364578247
662,0.0,0.119699134118855
663,0.0,0.14286942780017853
664,0.0,0.09500356189906597
665,4.029734072048801,0.08778716499606769
666,0.0,0.09819771693303035
667,2.470689691490437,0.07910540575782458
668,2.699476659295532,0.11140880547463894
669,0.0,0.09757340423762799
670,3.44668816482,0.09855082834308798
671,1.9238300262255077,0.10168789029121399
672,4.257939700756164,0.0746691320091486
673,6.128629205210576,0.08870750753318563
674,5.021648170264192,0.09894426379884992
675,5.370773503312221,0.10059038549661636
676,6.429191343120801,0.0969382245093584
677,0.9636556084940128,0.08045935444533825
678,4.177219190304509,0.09000554829835891
679,0.0,0.08347567334771157
680,2.8163502561742733,0.11055002982417743
681,7.97676952296666,0.10171538405120373
682,2.9986981446175776,0.08862299658358097
683,5.49593449473285,0.1258803183833758
684,0.0,0.08446907624602318
685,0.0,0.08839889224618673
686,3.406041556601189,0.09943322092294693
687,3.060896440946801,0.07194472512318975
688,3.1651629552254197,0.07378497906029224
689,2.7608507593425333,0.10440676872219358
690,2.653721107804893,0.09590021818876267
691,6.054316746010017,0.09261083106199901
692,4.656422763980442,0.10149422547844954
693,6.868379978348733,0.08614068925380707
694,2.7845244607008572,0.09252193129875443
695,7.143123349782433,0.08302855677902699
696,3.5709762054281167,0.09456658992787888
697,0.0,0.09407562732696534
698,4.519563963428482,0.08964181691408157
699,0.0,0.08359136176295578
700,0.0,0.08548579161817377
701,5.0252144031346155,0.09127874778849739
702,3.235170545386647,0.0931303511772837
703,0.0,0.09651630656684146
704,3.5572032711692545,0.1017583633462588
705,0.0,0.09271931340917945
706,4.070396534147305,0.09392392868176103
707,9.128124588351936,0.09285543859004974
708,3.2795846333290317,0.06821263519426186
709,4.5877422999976485,0.0488989120349288
710,6.819701034757074,0.13515064865350723
711,7.0963887907674685,0.0951435739795367
712,3.250348771881876,0.09019196450710297
713,0.10773839585817264,0.08408919970194499
714,2.767524517832339,0.0793207327906902
715,0.0,0.09579139377921819
716,0.0,0.08482679445296526
717,2.361547072974152,0.09191111545078456
718,0.0,0.08159826695919037
719,0.0,0.08770339416438028
720,0.0,0.0871599169075489
721,10.669188604033796,0.0854265496134758
722,4.506759172420025,0.1070547482619683
723,0.0,0.09225840074941516
724,4.032602251841576,0.1058426249240126
725,0.0,0.08459599547088147
726,2.9713220582393163,0.09211111353600726
727,0.0,0.10639606788754463
728,4.427609000606207,0.06786423400044442
729,0.0,0.0786648691445589
730,6.098215206973225,0.05039219930768013
731,3.7790587087436984,0.10306869943936665
732,6.304558116516606,0.05178054794669151
733,0.0,0.07483625644817948
734,2.885834294779002,0.09156511910259724
735,0.0,0.07356386166065931
736,2.9542885329174253,0.057973171451262066
737,0.0,0.09225604757666588
738,3.495160991006098,0.09710221675535043
739,2.791036841840786,0.0768901217314932
740,4.284970643744991,0.10245702415704727
741,2.596131245718359,0.08465487531879369
742,0.0,0.09131266176700592
743,3.240204468478967,0.10261706411838531
744,2.948070950159884,0.07331216015986033
745,0.0,0.07896232325583696
746,2.548032194851554,0.08324031601659954
747,0.0,0.0954691506922245
748,3.5258231512202287,0.08068364448845386
749,0.0,0.08503106109639431
750,2.4537780583962547,0.0762129846356205
751,5.451275646749569,0.09361167376240094
752,4.284822711449836,0.10617008991539478
753,3.99375032197981,0.07569701131433249
754,5.591982935365279,0.09451145306229591
755,2.3876293111641176,0.0705412581562996
756,6.316429451841272,0.0740592759102583
757,4.403363274618844,0.09103421505321474
758,4.372841793837095,0.08683350362948009
759,4.072094560216519,0.06772508357579891
760,6.1125425410782475,0.06727357022464275
761,3.359914976304925,0.08695628773421049
762,4.310603072147427,0.0706216290127486
763,0.0,0.0839946319659551
764,2.8402806878505684,0.07404534728266299
765,11.005520583709277,0.08589743574460347
766,0.0,0.07168827388435602
767,5.61143386624687,0.08585543744266033
768,0.0,0.09487696796655655
769,0.0,0.08850975222885608
770,5.286009543155368,0.07159793376922607
771,5.413021841453444,0.0795696611431512
772,6.0402050214204,0.07063225656747818
773,6.991406696664831,0.06673405319452286
774,6.490750937855756,0.07597961897651355
775,3.312290215691521,0.06158841135246413
776,2.699083126618033,0.07893428951501846
777,5.518451600363018,0.10497308820486069
778,2.783905201565664,0.09119544830173254
779,0.0,0.07531168106943369
780,3.6857885849197167,0.07416559356663908
781,6.526242374142657,0.08166796201840043
782,3.0595485973672485,0.1056757427752018
783,6.830292185363331,0.07991808856075461
784,0.0,0.0797274523973465
785,3.264353021161366,0.0743705895729363
786,0.0,0.07836212120950221
787,6.653995630984671,0.09073373582214117
788,4.622243735113744,0.061351178834835686
789,2.800329882122908,0.0977076567910813
790,0.0,0.07288762629032135
791,2.7250002382359035,0.09727937994258744
792,6.812547174555055,0.07882360368967056
793,0.0,0.07474745191633701
794,4.247602573852404,0.08088578656315804
795,0.0,0.06955421298742294
796,4.832416212684736,0.033552839420735836
797,3.7406273311281284,0.06515013612806797
798,6.283433900067144,0.04496067762374878
799,4.57317822317455,0.04975824598222971
800,3.0528351702172647,0.06460993201471865
801,7.328229575105364,0.06885705981403589
802,6.2258335832818466,0.05826913639903068
803,5.52841453819981,0.058370995024840035
804,7.1619833804295085,0.08921944722533226
805,0.0,0.07216130612151964
806,1.1719519206581028,0.1194433644413948
807,8.854240553883873,0.06928437063470483
808,0.0,0.0734114573690398
809,0.0,0.07652055253000821
810,0.0,0.08017396911027584
811,3.3867643990130714,0.07480150717310607
812,0.0,0.08163182623684406
813,4.134842654566251,0.08191970621164028
814,8.431622160464332,0.07880115633209546
815,2.8423525445377935,0.07471208099056692
816,4.357193716408715,0.0705624575416247
817,2.5129856910221537,0.06834072942535083
818,4.134561745792829,0.08653899867619787
819,3.18490800485875,0.07658856090468665
820,5.792953141474213,0.07205090741626918
821,2.596619607081753,0.08021792057244216
822,0.0,0.07781889583915472
823,0.0,0.0868050833620752
824,6.206138629471097,0.09022796029845874
825,0.0,0.0942775398492813
826,3.3468831771701577,0.08411503371528604
827,4.579828512746932,0.06901653340229622
828,5.02365250730749,0.08614674024283886
829,0.0,0.0832741241902113
830,0.0,0.08400494150817395
831,6.99875056713414,0.07518566648165385
832,12.740167949635081,0.08004809096455574
833,0.0,0.08860786445438862
834,3.176444940513228,0.07560911948482195
835,0.0,0.08139786817133426
836,3.7275330631134147,0.07766736458454813
837,4.985940970970667,0.07817025116548457
838,0.0,0.07866726383566856
839,5.880902532074581,0.08382516434150082
840,5.166926354536804,0.08671057298779487
841,19.244376580052254,0.08055921387858689
842,6.467756736012498,0.06546397879719734
843,6.192728779136959,0.0990607999265194
844,2.61199730419693,0.07364866114221513
845,0.0,0.06478374354541301
846,0.0,0.061911090817302464
847,0.0,0.06941666403785347
848,5.361438534328066,0.051896163794611185
849,28.625176136046797,0.07630506029352546
850,4.13950345328812,0.08236254571840682
851,0.0,0.10710182703203625
852,0.0,0.08467206247150898
853,6.894435295051379,0.08879452438226768
854,8.18994124035288,0.08236521968375081
855,4.108714325265848,0.10068704270654255
856,6.003898193036546,0.08576320963246482
857,14.962543994250467,0.10671608911996538
858,0.0,0.10488281340191238
859,18.065732074022776,0.10256021957667101
860,14.516975515602777,0.13082226594402033
861,0.0,0.10926501877605915
862,0.0,0.13195956543087958
863,0.0,0.1280516791764809
864,0.0,0.12068355858325958
865,0.0,0.12330648303031921
866,13.401247779332072,0.1366872844450614
867,0.0,0.12726815021101465
868,8.415836217018718,0.11261003432066544
869,0.0,0.11375761479139328
870,4.652354541959048,0.1127177768945694
871,5.152545779736342,0.12658442879716555
872,7.2942696438594385,0.13538816819588342
873,0.0,0.1114693084359169
874,6.047750757387437,0.12706229334761357
875,2.442379358198472,0.11658905312418938
876,0.8970051321409568,0.12994998467691016
877,0.0,0.11536257915198803
878,7.966689794157896,0.14056407660245895
879,0.0,0.11466878533363342
880,9.160859141221657,0.11638651960171185
881,0.0,0.12475186221301555
882,4.156633778073496,0.11682110838592052
883,0.0,0.12809957492919194
884,0.0,0.1270296634733677
885,0.0,0.12624499097466468
886,0.0,0.13152605520250896
887,7.097608788676151,0.13269130140542984
888,9.875743137086868,0.1143273722161265
889,0.0,0.11467180401086807
890,0.0,0.11660416796803474
891,6.559765903640394,0.12497769066920647
892,0.0,0.14142009615898132
893,6.104460309897379,0.13133937461922565
894,0.0,0.14326357107077325
895,5.573726373512665,0.12607597069520698
896,6.041381592421298,0.1285867424060901
897,0.0,0.1335638580114945
898,9.17014822598936,0.13074508821591735
899,6.342659156992454,0.13012009965521948
900,0.0,0.1303017128791128
901,13.938693037788719,0.13011530669111954
902,4.574339765389341,0.15561652407050133
903,0.0,0.1228607252240181
904,0.0,0.13884545296430587
905,10.702973066450669,0.1347226103146871
906,7.0465731638580245,0.1601419486105442
907,31.399930972522082,0.15349491904763615
908,0.0,0.13049749081785028
909,13.064929162958123,0.12499295713173018
910,4.79491514477438,0.10275463702586982
911,15.380149644595463,0.1463147204901491
912,5.931275303811832,0.14551295340061188
913,0.0,0.13530311651527882
914,0.0,0.12361105397343636
915,5.264564567062833,0.098319244881471
916,6.559688244152749,0.1360293132337657
917,0.0,0.11242494095737736
918,4.872340335207684,0.11468825582414865
919,10.26060786695639,0.12627182136240758
920,0.0,0.1146837242692709
921,6.53507470785472,0.11540567750732104
922,2.6260084404249873,0.1295487517863512
923,0.41535833124526866,0.11735050681118782
924,12.344052187086678,0.14470188319683075
925,7.652808203340279,0.14075515195727348
926,6.483131193394653,0.12952253172794978
927,0.0,0.12222172192890536
928,14.954401140974436,0.16615535661175446
929,0.0,0.161026958078146
930,0.0,0.1515722917020321
931,6.62873569057495,0.15334724520261472
932,5.619445597350101,0.1737053179078632
933,6.101370073639459,0.16683361762099796
934,6.113654026546181,0.13870574675855182
935,5.288258626015094,0.1441227450966835
936,5.499547437907604,0.14010664820671082
937,5.210869221929192,0.15358639632662138
938,7.184637476875113,0.13793291989713907
939,0.0,0.16041968002915383
940,4.914350686689259,0.1371985025703907
941,5.980946140884432,0.16682031378149986
942,6.377916625312082,0.1449599638581276
943,6.679474144345731,0.16860751376340263
944,5.083772435260347,0.1829078122973442
945,0.0,0.16208431169390677
946,7.347981233085516,0.14107816595406758
947,0.0,0.1514229164703896
948,7.371935862868815,0.13717564940452576
949,6.115837949261813,0.12326756066509656
950,7.032538358282073,0.14574003151871942
951,0.0,0.140086161904037
952,5.985421913514813,0.1646331064403057
953,7.262149038751675,0.16474929617510903
954,0.0,0.16375498130917548
955,5.6129429810945375,0.15249129365149297
956,5.952923238886558,0.1605734085398061
957,0.0,0.15121219185707363
958,4.808805873721662,0.1403203351157052
959,10.480281934124724,0.18539091997912951
960,4.305882186054915,0.16193936988711358
961,6.672883096663578,0.17912910655140876
962,0.0,0.15340893372893333
963,7.864841597504953,0.15424211594191464
964,6.459024858582621,0.13953300731049645
965,4.533083533584712,0.13549552112817764
966,2.542065817993578,0.13966816873886648
967,4.569775908749989,0.17039533952871957
968,4.789770169107905,0.1266273773378796
969,0.4054702649686267,0.16043403240687706
970,6.3621972649951415,0.16498978746434054
971,0.0,0.16219368815422058
972,0.0,0.17386151949057774
973,5.943206477818277,0.16641024202108384
974,0.0,0.1669779959321022
975,3.521975629396729,0.16703186279281657
976,0.0,0.1641686933580786
977,0.0,0.16188157454133034
978,5.8071303368704505,0.1790423858910799
979,6.108023149823746,0.15114932187965938
980,0.0,0.17502519001766126
981,4.785413389576615,0.18144898116588593
982,0.0,0.17051456465075412
983,6.002520869758146,0.16819885419681668
984,5.394548563532586,0.2117223772737715
985,0.0,0.17026584869136616
986,0.0,0.16709795279635323
987,4.884588944237484,0.13950760005151525
988,0.0,0.14873972796910517
989,5.292566162576118,0.157584794693523
990,10.957296175391624,0.1746304076578882
991,0.0,0.15952683944959897
992,5.744939244210842,0.16617907755650008
993,6.377997754593654,0.16847461089491844
994,0.0,0.16650544173187679
995,4.286991809077741,0.18818339854478836
996,4.6646390355521845,0.14472901355475187
997,5.455049094712754,0.1400627220670382
998,5.485988240676237,0.16995510891560586
999,6.748313461632695,0.14605742196242014
1000,0.0,0.14540390899548164
1001,0.0,0.17226198186045108
1002,6.223433918435366,0.15369862457737327
1003,0.0,0.1556719989539721
1004,4.2553524468062855,0.16094598836368984
1005,5.6734541831593415,0.14093366777524352
1006,4.7366420503499205,0.1797158056870103
1007,4.948602481086843,0.20499842862288156
1008,10.841067527540227,0.17535829486755225
1009,4.573362841865004,0.16367112658917904
1010,5.447118549358315,0.13696441054344177
1011,0.0,0.18681284998144423
1012,5.730671015722654,0.18952850997447968
1013,0.0,0.18263943475626765
1014,7.767867273182759,0.16051711700856686
1015,5.48468515551137,0.19256226292678288
1016,15.846515741454393,0.1670178808271885
1017,5.976610899444678,0.1452131580029215
1018,5.003256117826124,0.17462778904221274
1019,10.16664440357396,0.18204687942158093
1020,24.552175388482805,0.19085468393233088
1021,4.367666314383559,0.18952522320406778
1022,1.4728564381479772,0.19174434042171293
1023,0.0,0.20739428102970123
1024,6.624578253455963,0.20594074151345662
1025,4.772773826176238,0.17365875674618614
1026,5.850328822123463,0.18833974855286734
1027,3.5871793896563404,0.16922757495194674
1028,6.853227259172486,0.1939227432012558
1029,4.682985851243701,0.17283328622579575
1030,0.0,0.18251707579227203
1031,4.855638414212342,0.1791144817446669
1032,0.0,0.17986491665244103
1033,0.0,0.18788711965084076
1034,5.901511635065793,0.14983574549357095
1035,4.250402110029619,0.17699002474546432
1036,4.921810741720051,0.18760241381824017
1037,5.70624470387787,0.18800113648176192
1038,6.444451864949933,0.17528669660290083
1039,0.0,0.17412692353129386
1040,0.0,0.17086450323462488
1041,5.725072378506106,0.1777231341292118
1042,6.766120989014794,0.1875376637492861
1043,0.0,0.16312212405764326
1044,5.9892234360850924,0.17659104934760503
1045,3.5645661643444155,0.16115399822592735
1046,3.7934278468712614,0.19831848783152445
1047,0.0,0.18918087581793466
1048,5.801076651346837,0.20757628232240677
1049,0.0,0.1763001400232315
1050,4.933431896692637,0.23405557498335838
1051,0.0,0.1846581694483757
1052,6.231798137278708,0.17583447756866613
1053,0.0,0.18521293891327723
1054,5.143799302519419,0.15621525918444
1055,4.533025113279499,0.22097361832857132
1056,0.0,0.20649127662181854
1057,0.0,0.18787110674505433
1058,8.3328308944059,0.1950447354465723
1059,7.515090444636424,0.187271977464358
1060,6.269092306560732,0.17718941244212064
1061,4.562671817721021,0.21330986730754375
1062,7.102844658787064,0.1817415863275528
1063,0.0,0.18700408980250358
1064,5.3522362802064425,0.16252215802669526
1065,7.191315168342914,0.1739357883731524
1066,0.0,0.167511777728796
1067,0.0,0.16361115462317757
1068,4.155948194754514,0.16020924665711142
1069,6.14495022239417,0.17080962551491602
1070,9.743843984944883,0.1679420035619002
1071,4.806952005218907,0.20209614435831705
1072,6.422082091355731,0.16109165251255037
1073,5.304358737249525,0.16257938593626023
1074,6.042681767338389,0.16809511450784548
1075,6.406552013498618,0.16839999173368728
1076,0.0,0.17394866918524107
1077,8.875320632992231,0.17523010075092316
1078,0.0,0.15661296024918556
1079,0.0,0.15071823209524154
1080,0.0,0.13521477719768882
1081,6.427031690943933,0.14191130797068277
1082,5.143396432891282,0.14705392271280288
1083,6.838998312823709,0.1705726073546843
1084,6.1457505408175335,0.16185746480311666
1085,5.764252841756643,0.16116636784540284
1086,0.0,0.1733772985637188
1087,4.830163947152947,0.17364500675882613
1088,6.341736779979405,0.155695341527462
1089,5.278311179267873,0.16468297988176345
1090,8.17521151493057,0.16288701295852662
1091,10.863842351824163,0.1304842233657837
1092,5.460349576157152,0.1693818211555481
1093,3.34297463296736,0.1560147072781216
1094,0.0,0.14493575884449866
1095,5.473130083588818,0.17975932061672212
1096,0.0,0.17220773458480834
1097,6.28811041859477,0.16142546062668164
1098,6.508999667330711,0.15303496602508757
1099,6.122029951341245,0.142646544923385
1100,5.834617411189095,0.1428442969918251
1101,4.379018477116812,0.13824479579925536
1102,5.672377706866047,0.14286895096302032
1103,6.805740563460903,0.15348596304655074
1104,0.0,0.1503167159855366
1105,0.0,0.1506477411497723
1106,4.884496422498882,0.13374229334294796
1107,5.37548108978212,0.15310289137638533
1108,0.0,0.16322476878052666
1109,6.400417402203893,0.1874457336962223
1110,6.0255413007838685,0.1262454867362976
1111,0.0,0.1527347046136856
1112,0.0,0.14536628723144532
1113,7.3845965769657544,0.1406197196670941
1114,4.4458672321198485,0.13230298778840474
1115,5.329136704971015,0.15345570031139585
1116,6.1814805298237925,0.15881064037481943
1117,0.5641820602196725,0.17434569199879965
1118,0.0,0.15507919929921626
1119,0.0,0.13102737948298454
1120,3.1025775963432194,0.13271794862606945
1121,4.018433850597028,0.14029196666346655
1122,2.28399267628444,0.15445226451589
1123,5.286286880691929,0.12906545773148537
1124,0.0,0.14280862793326377
1125,0.0,0.1444186320900917
1126,9.155320497150107,0.1645204182714224
1127,0.0,0.14494758129119872
1128,6.05740990264658,0.1650299597531557
1129,0.0,0.1327633100748062
1130,6.8238830904633545,0.12707464396953583
1131,0.0,0.13269559055566787
1132,8.210253062845856,0.1428161785006523
1133,0.0,0.12921520918607712
1134,0.0,0.13293800187798646
1135,4.60207486185311,0.15105846524238586
1136,5.735833726150888,0.11973250781496365
1137,6.647759162793503,0.15164038725197315
1138,6.021650225476797,0.13614584878087044
1139,7.657493949493258,0.13923293352127075
1140,5.145774498628669,0.14283804329378263
1141,7.900627542659862,0.17443630737917765
1142,0.0,0.13597524911165237
1143,5.460780780567537,0.13954308096851623
1144,5.598769898152617,0.1244951281696558
1145,0.0,0.1373604156076908
1146,8.02337258705361,0.1291230469942093
1147,7.232652220051218,0.13409303352236748
1148,0.0,0.12463837452232837
1149,0.0,0.1197186643805574
1150,7.266793768330676,0.11742402675251166
1151,10.112519600991634,0.13894864916801453
1152,0.0,0.1374758527829097
1153,5.715940091003786,0.11945365945046599
1154,9.257785382844473,0.10113940636316936
1155,0.0,0.13641135214731612
1156,0.6025094466423435,0.13593656379491725
1157,5.635085633782362,0.12805615216493607
1158,6.363079838666524,0.14652824484639698
1159,6.823881001664962,0.1153609037399292
1160,7.339562412577766,0.1186028253287077
1161,9.282870847649704,0.13605831149551603
1162,5.339573397486428,0.13036227627442434
1163,0.0,0.1401999570429325
1164,3.101989068328357,0.12225266070001656
1165,2.9893415203686833,0.1310434817816272
1166,1.2623965357513707,0.12607459766282278
1167,0.0,0.11456281393766403
1168,8.58137904857113,0.12954132705926896
1169,7.959036909006,0.1458709587653478
1170,7.998317322105478,0.12552243045398168
1171,10.264641855230241,0.12332761052407716
1172,3.802523405255749,0.1253673054518238
1173,0.0,0.11569565190718724
1174,9.619104556182426,0.16588900238275528
1175,5.821491156155832,0.12304672666571358
1176,0.0,0.1127460852265358
1177,0.0,0.11755904793739319
1178,0.0,0.11187949922421704
1179,0.0,0.10882394079198228
1180,6.540692774016162,0.10734873563051224
1181,6.352046612292907,0.10353199460289696
1182,0.0,0.02869349718093872
1183,6.2851073146956,0.104693998893102
1184,6.242889821529185,0.11055433874328931
1185,6.690204408486021,0.10510207246989012
1186,4.536617883922407,0.05263811722397804
1187,5.372552227025622,0.10027407086454332
1188,8.263963805776926,0.0854290413359801
1189,7.328464246969789,0.11705315671861172
1190,0.0,0.1024910196279868
1191,0.0,0.11164374514059587
1192,0.0,0.11566839033427338
1193,3.351609463660949,0.11649398025005095
1194,7.972802377291943,0.12448637187480927
1195,2.8658197057686414,0.12241201335564256
1196,0.0,0.13438330233097076
1197,8.112925730546976,0.11010129350636687
1198,4.362328157887492,0.12644028244540095
1199,0.0,0.12572970055043697
1200,0.0,0.12286340389400721
1201,14.296858174207113,0.1333094108849764
1202,8.082188808097785,0.1333562284708023
1203,4.911790959174818,0.12962260910055853
1204,0.0,0.12713484275848308
1205,0.0,0.11831392645835877
1206,8.01034797311227,0.117796391248703
1207,9.398171616583026,0.12908013661702475
1208,5.440021494803264,0.10269839391112327
1209,5.552310003373991,0.12281418312340975
1210,0.0,0.11724335352579753
1211,8.801908469240924,0.11279815137386322
1212,0.0,0.12691698208451271
1213,0.0,0.12905753795535135
1214,7.183187380532525,0.10782274603843689
1215,0.0,0.13473076753470362
1216,3.385344997279006,0.1178029328584671
1217,0.0,0.11386572158274551
1218,15.486985395834362,0.11959115508943796
1219,7.682742781948689,0.1072448832648141
1220,6.657076137594796,0.12449201409305845
1221,0.0,0.12084869643052419
1222,8.202397235207068,0.10247900833686192
1223,3.691829791120791,0.12055693070093791
1224,6.701340484309289,0.09447325517733891
1225,6.670682293258431,0.10763643123209476
1226,0.0,0.11052306100726128
1227,8.982447112923614,0.10240829288959503
1228,4.79775314126812,0.09899871491573074
1229,6.540021527950448,0.12847240472381766
1230,7.265108745832729,0.10029658302664757
1231,0.0,0.1073898994922638
1232,3.3861294157764714,0.11154666475951672
1233,0.0,0.11244705303207687
1234,0.0,0.10728319637477397
1235,0.0,0.11242048690716426
1236,6.344306294650275,0.14423593506217003
1237,6.502329872478007,0.10333757847547531
1238,5.936266986214847,0.10285942956353679
1239,4.070958359482756,0.09654153682864629
1240,6.118619879427937,0.09119435846805572
1241,3.556073036408677,0.11475067229374596
1242,5.8592397297613505,0.07801380691428979
1243,5.1592352511004,0.08697418839885639
1244,7.84555988080934,0.08017651098115104
1245,6.115832388329528,0.0852259344288281
1246,5.760361107175608,0.09546489431522787
1247,5.412418752377389,0.09500917792320251
1248,7.651954557986827,0.10359838046133518
1249,7.101150545983367,0.11851983144879341
1250,5.588954866176603,0.09398745497067769
1251,4.06220473493693,0.09095583658884554
1252,5.15705352656935,0.09357598636831556
1253,1.5550722010786828,0.09048743769526482
1254,4.02942632656819,0.08728240602291547
1255,0.0,0.10463017940521241
1256,0.0,0.09937095686793328
1257,7.6412879728038705,0.0881892591714859
1258,0.0,0.10185748510062695
1259,1.8309183036929615,0.09369111955165862
1260,6.434538789070642,0.08153089359402657
1261,4.151327815507266,0.08622140243649483
1262,6.726365801622079,0.11511839429537456
1263,6.170558127468605,0.09328050762414933
1264,6.887313041519463,0.08329258300364017
1265,0.0,0.09209767535328865
1266,0.0,0.10358835965394973
1267,2.6370795206939235,0.10130245398197855
1268,4.838252219166402,0.09678114309079117
1269,6.474131846170588,0.09870600806815284
1270,1.8703000665830247,0.09342983790806361
1271,8.49432879002195,0.08172136793533961
1272,0.0,0.10032683513734651
1273,0.0,0.0984917189925909
1274,0.0,0.10078797496855259
1275,8.331286580775656,0.1067071482539177
1276,4.834983083394958,0.10286033116281032
1277,2.9286071678452767,0.0998610335919592
1278,5.815912645574072,0.09119870547543872
1279,5.314799015429661,0.10921735252912451
1280,6.962380096135538,0.10865302321811517
1281,9.207380680226898,0.08770208859017917
1282,0.0,0.09947813622653484
1283,3.332316340484007,0.10182776550451915
1284,4.637189441539448,0.09203698039054871
1285,0.0,0.09453705623745919
1286,4.997816732650249,0.10779707532908235
1287,9.756152208024806,0.08641718933358788
1288,0.0,0.09991117602302915
1289,6.154424358086355,0.1182071790099144
1290,0.0,0.09117785461246967
1291,3.0538810612817366,0.11182022495911671
1292,6.649498635077056,0.10185237741097808
1293,3.9094943450068897,0.08799171101834093
1294,0.0,0.09912175111472607
1295,5.010411342526362,0.07607321855094698
1296,8.593244269163204,0.0936345737427473
1297,5.318227508666429,0.09890994463454593
1298,0.0,0.09124565105885267
1299,8.009740158660584,0.11198783559458596
1300,0.0,0.08646043656127793
1301,7.123809968163377,0.08933804887864324
1302,5.257182690662771,0.08469767402857542
1303,6.057446776379073,0.08801849683125813
1304,0.0,0.08665926143527031
1305,4.123463790157548,0.07568313358795076
1306,0.0,0.08034954726696014
1307,8.35330970995597,0.07877104232708614
1308,3.7326057117279934,0.09447683924809099
1309,4.176567571596068,0.07235958261622323
1310,6.109657116936333,0.06896624714136124
1311,6.082115401409893,0.1085402915875117
1312,5.778725677691152,0.09520244598388672
1313,0.0,0.07780138101428748
1314,0.0,0.07575674975911777
1315,6.08131962164176,0.09272201069527203
1316,3.503480222661787,0.06012787229635499
1317,5.294772189362258,0.09617514110037259
1318,3.226954790482002,0.08136027934961021
1319,6.5579234735175795,0.08188362792134285
1320,7.291274391287239,0.08625109400600195
1321,3.9584059468546076,0.09662073992547535
1322,0.0,0.08636410489678382
1323,6.779281691229501,0.08726318987707297
1324,0.0,0.0770332207459779
1325,8.85895275464487,0.0817493790617356
1326,6.726390286840165,0.08495323111613591
1327,5.152882201569462,0.07845454085238125
1328,0.0,0.08748318038880826
1329,0.0,0.08435030425993764
1330,4.489270028380337,0.09474894180893897
1331,5.477894978009083,0.08052115639050801
1332,5.796947410637431,0.08818761706352234
1333,6.281604930503547,0.07613522631840573
1334,3.016111979666682,0.08459607489845332
1335,5.945935103776423,0.0802917732960648
1336,3.410593416157359,0.07825387665070593
1337,0.0,0.08817595101892949
1338,0.0,0.08293744646012784
1339,5.213200126737246,0.08803114024075595
1340,6.864488614607177,0.08977437899871306
1341,4.0205014650228215,0.0999759690463543
1342,6.980720404984633,0.12830334901809692
1343,5.054020532809899,0.10260620433837175
1344,0.0,0.08961707212030888
1345,7.825546438716535,0.07829902991652489
1346,3.87496166947543,0.09732977083573739
1347,7.932015180757637,0.09941454604268074
1348,4.735964486388692,0.07449838412659508
1349,0.0,0.07943343548950824
1350,3.673767875239509,0.08543893645207087
1351,0.0,0.09576778315007686
1352,4.575199698791971,0.09968543580422799
1353,6.58081619948905,0.06430075764656067
1354,8.60111333746791,0.08609673132499059
1355,6.112979544585075,0.08378989870349567
1356,0.0,0.05689052492380142
1357,0.0,0.10195850643018882
1358,6.794604132196524,0.09513440300874851
1359,4.5708779000845725,0.09020257269342741
1360,5.479830601069435,0.09531437260685144
1361,8.236583232551169,0.11216520816087723
1362,6.282504056732003,0.09303215228848988
1363,4.1723277828823795,0.09948011894117702
1364,4.255954230960724,0.11169366414348285
1365,4.347182340647184,0.09634057879447937
1366,4.863249991591399,0.09812518643836181
1367,6.720481304587659,0.09036962563792865
1368,0.0,0.10091247051954269
1369,0.0,0.09131079219281674
1370,0.0,0.09057179562747479
1371,6.694519677102692,0.08806100264191627
1372,5.330660784699249,0.08623612630698416
1373,4.215754013522856,0.08736792455116908
1374,7.2008435544442575,0.09309350645967893
1375,4.982247885567745,0.08509662188589573
1376,3.484521937843887,0.06875664740800858
1377,6.546757932119326,0.08266469463706017
1378,0.0,0.1011264080554247
1379,4.825595744475174,0.10753532747427623
1380,0.0,0.10039689080143462
1381,0.0,0.0964118317514658
1382,6.702219257593565,0.12587741017341614
1383,3.733758466143836,0.09486709617906147
1384,0.0,0.09205474346876144
1385,5.9580114465447584,0.09978216842693441
1386,0.0,0.08790524207055568
1387,3.246575863625505,0.0983941019512713
1388,0.0,0.09543194204568863
1389,4.928273005682429,0.09061987020752647
1390,0.0,0.09247128032147885
1391,4.121076148237166,0.08561993278563022
1392,4.04814039229686,0.07564335343028818
1393,7.56750651028815,0.10015029708544414
1394,4.218190026516542,0.07555094609657924
1395,0.592046409414629,0.08757063962519168
1396,3.4697576834128308,0.0874860669885363
1397,6.779036225326432,0.09666575640439987
1398,0.0,0.09714307300746441
1399,7.205261103868109,0.09614906956752141
1400,0.0,0.09611672207713128
1401,6.718098744609761,0.07700502686202526
1402,4.548936414437616,0.06332814395427704
1403,3.368842788092018,0.08969370151559512
1404,5.192277700538295,0.08781998657754489
1405,4.999771028040739,0.07358954350153606
1406,5.4374968080721615,0.07871592245422877
1407,7.325811871116601,0.08074755221605301
1408,0.0,0.0833248816754507
1409,7.4622903458428365,0.07961262728680264
1410,0.0,0.08690178774297237
1411,0.0,0.09349555540829897
1412,7.19068298150474,0.09150957688689232
1413,4.240962876863501,0.089649773343946
1414,7.062917133262834,0.09362516303857167
1415,6.651914188363196,0.10504456795752048
1416,0.0,0.09279075354013754
1417,6.068005190471254,0.08553239703178406
1418,13.473186044712094,0.09809052012860775
1419,2.970638515913127,0.09350138822836536
1420,4.282887564155029,0.0857805350232263
1421,4.253529688660804,0.0708777132843222
1422,3.7304457194059326,0.09663603951533635
1423,5.465540433601438,0.09829364717006683
1424,3.494173619764266,0.0853726099289599
1425,3.7337749577506267,0.08097684979438782
1426,6.650158458262204,0.09291506682833035
1427,7.182023249435452,0.09521069439748923
1428,2.2317495783745733,0.09875395901653232
1429,5.4225702844311465,0.10225462168455124
1430,6.437198674863802,0.11866170499059889
1431,3.528516894560246,0.08405837714672089
1432,6.364455282851973,0.09922727588564158
1433,4.874425046949728,0.08193655591458082
1434,4.11556400608642,0.08632231111589231
1435,0.0,0.08570627329197336
1436,3.256483097778038,0.09954207949340343
1437,0.0,0.08792332482592362
1438,3.39553634269658,0.09681921678059029
1439,2.8525393980750433,0.09327631154838874
1440,0.0,0.08956752945573962
1441,6.069374434452939,0.08179179579019547
1442,3.30877624205423,0.06854850177963574
1443,5.670594267450669,0.1057023656995673
1444,3.386835382331675,0.09475526142688025
1445,5.312146005208248,0.09281950630247593
1446,7.053641187996106,0.075782610476017
1447,4.776035300698617,0.09543619863688946
1448,0.0,0.11631043669250277
1449,4.554953198269089,0.09090749844908715
1450,7.501434890821266,0.10267680883407593
1451,4.1483198382170015,0.08524919248053006
1452,3.8845101181837123,0.09378474525042943
1453,0.0,0.09715300641953944
1454,4.809943342239642,0.09894774942880585
1455,0.0,0.09888525031830954
1456,5.32421916546831,0.08885786277444466
1457,4.208130767546831,0.10756528824567795
1458,7.426157094298352,0.11759246947864692
1459,3.851690195629794,0.10493954509082767
1460,3.6025808080987116,0.10491674859076738
1461,11.64674233345084,0.07858124375343323
1462,7.542519151650044,0.09456808961206867
1463,4.205210918563859,0.11485702246427536
1464,4.709952548806694,0.09556475240323278
1465,4.708559505872752,0.08184052152293068
1466,0.0,0.1082971981830067
1467,3.366994111298477,0.10166078228503465
1468,4.375465189971561,0.10812375992536545
1469,5.424080876063409,0.1073792012674468
1470,7.912092124568144,0.09502152353525162
1471,4.645975815326433,0.06986014870926738
1472,0.0,0.09189203288406134
1473,3.6475013014015585,0.08543871023825236
1474,0.0,0.10396314561367034
1475,4.412112873125315,0.09208670894012731
1476,4.0968419062342445,0.09571123123168945
1477,4.681078473404821,0.08289885272582372
1478,4.573983947273269,0.1036179314710592
1479,8.540838818912842,0.08823702484369278
1480,0.0,0.10245725984374682
1481,4.29947696648041,0.0886857658624649
1482,0.0,0.0863842254711522
1483,6.482195013500523,0.08305896942814191
1484,0.0,0.08853674508058108
1485,0.0,0.08673257619142533
1486,0.0,0.08897059060633182
1487,4.1358528735190445,0.07266976994772752
1488,4.634670093188521,0.08500359517832597
1489,4.085757516167175,0.06838846525975636
1490,3.910784339752711,0.07782716172582962
1491,0.0,0.0802398432418704
1492,5.992764616985143,0.09125975072383881
1493,5.570149514277951,0.09646685421466827
1494,5.605905615743981,0.10544377192854881
1495,0.0,0.07828286707401276
1496,5.5453877036874974,0.07942558887104194
1497,0.0,0.08633332513272762
1498,12.657808203002089,0.07378959795460105
1499,5.068423484733928,0.08048307639546692
1500,3.4596893684227212,0.08390578534454107
1501,0.0,0.08931265647212665
1502,6.393951784502232,0.08212031920750935
1503,4.825402010504021,0.08373157400637865
1504,0.0,0.08106844448907809
1505,4.39155806254235,0.08629211427077003
1506,4.86873616753116,0.07519339563118087
1507,0.0,0.08269767939697864
1508,3.643634883150189,0.08098232746124268
1509,4.549067554408313,0.11823089917500813
1510,6.770682340506655,0.09885485842823982
1511,4.064520998870596,0.08977717409531276
1512,4.201110786804091,0.07737897895276546
1513,5.645671532247771,0.08623964068564502
1514,5.443669477146166,0.058132387697696686
1515,4.297810295162082,0.08177797902714122
1516,4.698747654239355,0.06409067660570145
1517,8.018841336210704,0.09725397527217865
1518,7.199088830228244,0.08876506611704826
1519,0.0,0.07792115944903344
1520,4.353455446871057,0.06960979849100113
1521,7.4855957812780884,0.07167767368567486
1522,4.861685177228576,0.07629258664590972
1523,4.056632833441144,0.07503941506147385
1524,7.844353046670136,0.08323320888337635
1525,0.0,0.08764918401837349
1526,8.504297102922795,0.09038913622498512
1527,5.254401650239678,0.07897346317768097
1528,8.72694474297418,0.07458751276135445
1529,8.983799487233094,0.10339351991812389
1530,0.0,0.09275653708726167
1531,5.30698627163068,0.08472507766314916
1532,0.0,0.08235934539698064
1533,0.0,0.08825578015981889
1534,0.0,0.08578322298824786
1535,5.595933181141283,0.0778179872958433
1536,0.0,0.07957969058770686
1537,9.057416337465309,0.0817740187048912
1538,0.0,0.07412934822446489
1539,6.326739492767714,0.08830712735652924
1540,0.0,0.06698511354625225
1541,5.691691569631159,0.08155071586370469
1542,4.955969464293573,0.08895373123232275
1543,4.295677014001589,0.09491243639162608
1544,6.752846812744642,0.07867348293463389
1545,6.0027551524780405,0.08247707535823186
1546,5.0507953218691215,0.0960135521988074
1547,4.883336866516579,0.08913847905668346
1548,4.63483487428614,0.07305777771398425
1549,0.0,0.07955660502756795
1550,5.0670465300240926,0.09066881611943245
1551,7.374454011332768,0.09536848084202834
1552,6.243964776282127,0.08524492143520288
1553,4.988662982721158,0.0784010095221381
1554,0.0,0.08379639419061798
1555,0.0,0.09177131843017905
1556,6.445494197004579,0.06835794768163136
1557,7.289293966166905,0.09688169285655021
1558,0.0,0.09109096817672252
1559,0.0,0.08242642832919955
1560,8.178367171732392,0.10189472923153325
1561,0.5657284969769144,0.07805780224502086
1562,2.1009448868100162,0.08332826286554336
1563,0.0,0.08833389870822429
1564,5.32980166327912,0.0996918398886919
1565,0.0,0.0937267819355274
1566,4.997972162839703,0.07800148321049553
1567,6.285271584130085,0.09131778186050857
1568,6.3953620093791645,0.07407829165458679
1569,1.757303263332872,0.09041895180940628
1570,0.0,0.09154258345564206
1571,0.0,0.09525776760918754
1572,0.0,0.17204715311527252
1573,0.0,0.0876386397331953
1574,5.508781881070996,0.08032254781574011
1575,0.0,0.08751260101795197
1576,0.0,0.08030280441045762
1577,7.417829156754956,0.09156595766544343
1578,0.0,0.0854185404324973
1579,6.74008603164315,0.07460003319595541
1580,8.223592134220183,0.05686287788881196
1581,6.031218423210962,0.059675355752309166
1582,4.9082375149290005,0.08045861416536829
1583,4.571394782168318,0.06058933213353157
1584,5.374759342174452,0.08186212642804573
1585,5.520683001483153,0.07360776513814926
1586,6.15574381247977,0.0791352141648531
1587,4.002643960837841,0.07389314100146294
1588,3.9699854714959626,0.07488764449954033
1589,3.889204680904765,0.03997841477394104
1590,0.0,0.0876863170415163
1591,0.5967979195709009,0.09231222420930862
1592,7.95863257477751,0.08918989228235709
1593,0.0,0.0890631956810301
1594,8.12589274073376,0.08455991063799177
1595,8.62812335272147,0.07957540418614041
1596,5.631873853030073,0.08660955727100372
1597,0.0,0.08575252303853631
1598,6.443761146620006,0.08944685129182679
1599,0.0,0.08696389920553382
1600,4.2130898624486655,0.09206429496407509
1601,4.311740208073468,0.10287622734904289
1602,0.0,0.09978058508464269
1603,5.937608049825366,0.09119375236332417
1604,0.35003892136419335,0.08078717321157455
1605,0.0,0.0817422814667225
1606,5.093555960501937,0.07965391129255295
1607,0.0,0.09136540696024895
1608,5.556416314437256,0.07661604136228561
1609,8.287228375786734,0.08761679236259726
1610,0.0,0.09576580323278903
1611,5.21515208697899,0.09874645123879115
1612,5.166773012093722,0.09305302985012531
1613,0.0,0.09020002335309982
1614,0.0,0.08944022938609124
1615,0.0,0.08784986421465873
1616,5.619952502026805,0.0712732623020808
1617,0.0,0.06813238702714443
1618,6.774970477487193,0.0702405571937561
1619,5.687296732162322,0.05661050496356828
1620,5.102153503463209,0.07922657787799835
1621,0.0,0.06457305923104287
1622,6.013134005994218,0.1093155175447464
1623,0.0,0.08047835981207234
1624,6.697299195938259,0.10883322092039245
1625,0.0,0.0797159418463707
1626,0.0,0.07918566244188696
1627,4.679541381048191,0.08075578153133392
1628,8.794883932083806,0.0899307562245263
1629,2.5185235357233084,0.07644769328893447
1630,0.008686024264498049,0.08055222644988033
1631,8.834764892577162,0.0713106007874012
1632,12.122859248469606,0.07496534708526827
1633,0.0,0.08080901708453894
1634,0.0,0.07051511432975531
1635,0.0,0.08207590753833453
1636,0.0,0.07806730573607046
1637,2.681844228726015,0.08075432386249304
1638,0.0,0.07469775172926131
1639,4.500868584939626,0.07488788571208715
1640,7.695201913402568,0.07327134226049696
1641,4.09258566076724,0.09334624325856566
1642,4.947810949724237,0.0712146982550621
1643,0.0,0.0764602642506361
1644,5.655923536539194,0.0689221056247199
1645,6.130752154934527,0.07461047230754048
1646,7.147817046395794,0.0752946673227208
1647,4.249348020368339,0.06614849343895912
1648,0.0,0.07768080651760101
1649,0.0,0.07579372406005859
1650,0.0,0.06714996638206336
1651,0.0,0.07205234067109616
1652,4.8606504254982905,0.08703668663899104
1653,5.025269451288301,0.07063881766337615
1654,8.709355534457085,0.11643711850047112
1655,4.246035879710881,0.07066244259476662
1656,5.827093525331101,0.07432565093040466
1657,5.480869634899427,0.08411660976707935
1658,6.1051593330877845,0.07645303135116895
1659,3.874052886103997,0.07811950772468533
1660,0.0,0.07920536037534476
1661,4.379177469211841,0.077622932754457
1662,4.86699772725698,0.09785249084234238
1663,5.5321702887307955,0.08456156775355339
1664,6.654851020786244,0.07233029307845311
1665,5.604633380502033,0.07281937593450913
1666,3.9598828154942702,0.07959403690634942
1667,0.9377279993055405,0.06820593448355794
1668,5.794157886719463,0.08474473979162134
1669,0.0,0.09069464683532714
1670,4.8147220029389,0.09312299592420459
1671,0.0,0.08847182403717722
1672,6.57961375197222,0.08761635287825403
1673,5.6622428767357995,0.09509007446467876
1674,4.013208420283375,0.10172802742038455
1675,0.0,0.09031058568507433
1676,6.480294014541514,0.09187856806736243
1677,3.4360180781453393,0.0740089601761586
1678,0.0,0.07592739490792155
1679,6.973734913556197,0.0900518533308059
1680,4.027168620638953,0.08476635565360387
1681,4.843072756136783,0.08462768757627123
1682,11.134882859088675,0.0806017282884568
1683,0.0,0.08366928085684776
1684,6.008684624556318,0.08204382235805194
1685,4.161021547512175,0.07471822202205658
1686,3.2466939902806797,0.10966388508677483
1687,4.737579736191817,0.07247446549053375
1688,0.0,0.07178322110325099
1689,4.944072193193653,0.059184031561017036
1690,0.0,0.07360228884965181
1691,3.3292673619724904,0.0751157128252089
1692,4.164109936778515,0.052577636390924457
1693,4.040750100194696,0.055476672555270945
1694,0.0,0.07263976365327834
1695,3.6874319265820255,0.08720374400062221
1696,2.6686484830852013,0.07808541983366013
1697,3.0702077146848787,0.04187898337841034
1698,4.99320432964082,0.050922591239213943
1699,3.6287611147741474,0.06225333110812832
1700,5.213980815167952,0.08153148181736469
1701,3.2633169131711934,0.09317888195315997
1702,2.950840081975207,0.06398258544504642
1703,5.030840944524066,0.059794602915644646
1704,4.2873212841572945,0.10532011464238167
1705,5.366817324464725,0.058804115280508995
1706,3.3414504555406346,0.08319406625297335
1707,3.0406759338252134,0.0813877135515213
1708,5.3005342575035455,0.06997818115632981
1709,2.632136911302344,0.06447286903858185
1710,8.510027471081912,0.07260098357995351
1711,3.0277030817271973,0.04788011312484741
1712,6.4581135495125945,0.09995509311556816
1713,0.0,0.08516137246732358
1714,4.541739783521165,0.08640680902383545
1715,6.795314420307759,0.0799505611260732
1716,6.536302563748578,0.08185431957244874
1717,4.834882829866515,0.0972833663225174
1718,0.0,0.07769484762792234
1719,4.015897640382977,0.06796595792878758
1720,0.0,0.07926542602479458
1721,8.124015689112932,0.08572945619622867
1722,3.8521554260015494,0.08618932987252871
1723,4.28636833324063,0.06435376964509487
1724,3.2683919030012873,0.061645894621809326
1725,6.1966080710569855,0.08592569039991269
1726,0.0,0.07414719044334359
1727,4.701373121907999,0.0756430650750796
1728,4.551694707706682,0.07592227256723813
1729,6.094756177621647,0.09095556102693081
1730,4.095872966075193,0.07849725987762213
1731,4.015013300111703,0.0633678687736392
1732,3.5929518460742917,0.07199003151617944
1733,2.8333518647025095,0.07407198610658548
1734,4.808174700169661,0.10609022714197636
1735,3.226974898202339,0.09116138815879822
1736,6.848653657414093,0.0747703667730093
1737,5.369382396810158,0.08096225017474758
1738,4.080575421655045,0.06877885200083256
1739,3.476298662995578,0.052976468577980995
1740,1.3992307256794114,0.08598677445203066
1741,8.817424300223102,0.04341731406748295
1742,4.431355705477565,0.09656622484326363
1743,0.0,0.09628252021968364
1744,7.247048853309069,0.08904712274670601
1745,5.989641348402982,0.08612618347009023
1746,7.500785718414826,0.09211405911124669
1747,0.0,0.07803314164280892
1748,4.524829272414666,0.07744567608460784
1749,0.0,0.06923671351636157
1750,4.267463599335402,0.07544086376825969
1751,4.524546782294871,0.05998321436345577
1752,5.2769942876671525,0.0789225837763618
1753,3.515521312382237,0.0796706210821867
1754,8.649485807411454,0.0725950396486691
1755,0.0,0.06801860433071852
1756,0.0,0.06841907352209091
1757,6.992925761569581,0.07512309691972202
1758,4.0674321150638,0.07121554482728243
1759,5.299464741999635,0.07071227859705687
1760,3.430233101884038,0.07681063065926234
1761,4.788281718692429,0.0663352111975352
1762,3.4239887269102907,0.07751176878809929
1763,4.307292102559199,0.06717207469046116
1764,5.117245420008016,0.09274883444110553
1765,4.001657804004471,0.07370920032262802
1766,7.194601546186165,0.0834125429391861
1767,2.9827058194101332,0.07412789695792728
1768,5.678295499516825,0.08094862227638562
1769,6.022426585055858,0.07511811936274171
1770,4.916306995259351,0.06928746309131384
1771,6.141268588098873,0.06620538731416066
1772,0.0,0.07615922912955284
1773,0.0,0.06908235814550827
1774,3.9703397783683947,0.06376807019114494
1775,4.3002844040959145,0.06642190553247929
1776,0.0,0.07580380022525787
1777,0.0,0.07983150465103488
1778,0.0,0.08866860694251955
1779,3.939971131034311,0.052114516496658325
1780,4.598047186314406,0.09590291604399681
1781,7.862037688703569,0.08773867666721344
1782,5.045913031472257,0.07655138089772194
1783,4.675132505580677,0.07056560988227527
1784,3.310641011134022,0.07543272276719411
1785,4.276845375837464,0.09255653992295265
1786,7.363771053456099,0.08161666542291642
1787,5.784137895529711,0.09082504042557307
1788,8.777729740406818,0.07967303789087704
1789,3.5167422998394464,0.07831814991576332
1790,3.667073426922534,0.0748937005798022
1791,0.0,0.07075405467301607
1792,2.957044573931728,0.08125998750329018
1793,3.0892312510269218,0.1013854444026947
1794,7.515315619921089,0.0760449905693531
1795,0.0,0.07041701957583428
1796,3.88118140855645,0.05130394361913204
1797,3.945286766764508,0.08362308517098427
1798,4.386395626483748,0.06080392375588417
1799,5.755032705890647,0.05372236669063568
1800,3.2778991105947473,0.05709704322119554
1801,4.497174349312491,0.07120808345430038
1802,3.9238374342718876,0.08714155107736588
1803,3.6337107057716804,0.08169151345888774
1804,4.4029901974113335,0.0727270965774854
1805,3.2460667299513233,0.08106926456093788
1806,0.0,0.07461955405771732
1807,0.0,0.07427044592797756
1808,0.3890935191340821,0.04510075785219669
1809,4.340382621327316,0.07745391502976418
1810,3.0269597731659794,0.05995883295933405
1811,0.0,0.07383752652272886
1812,5.160096223671868,0.08146421104669571
1813,4.064131820003944,0.07226670011878014
1814,3.992695668286764,0.07319050282239914
1815,7.619707053912848,0.08216956630349159
1816,5.16062795998279,0.06500091708519241
1817,3.367747707366752,0.08286566003447488
1818,0.0,0.08180665863411767
1819,5.689502544720556,0.09938819892704487
1820,2.883271022588983,0.08034264194291263
1821,4.674778431186796,0.08643486301104228
1822,0.0,0.07554599191993475
1823,4.651930197088812,0.06467230506241321
1824,4.652284141052359,0.0788468157665597
1825,3.3054316264029873,0.07616466283798218
1826,6.563657132761312,0.03422527387738228
1827,0.0,0.06584611105523547
1828,0.0,0.0717854356020689
1829,3.9189163572952697,0.059558172311101644
1830,0.0,0.07164014648646116
1831,0.0,0.07677781376987695
1832,0.0,0.07275723744183779
1833,0.0,0.07355734847486019
1834,7.156763829993429,0.06665113396369494
1835,5.373302846004081,0.07212479878216982
1836,5.231092101756944,0.08335408257941405
1837,4.002780022537161,0.0891361040994525
1838,7.008657139155979,0.07294987631030381
1839,3.97773554143243,0.0794336088001728
1840,9.842890137893093,0.07365719725688298
1841,0.0,0.07438698399811983
1842,0.0,0.0693104119629276
1843,2.2871864271993734,0.0772972287649804
1844,0.0,0.06970676396042108
1845,4.747442947044836,0.07958190329372883
1846,6.729672588229222,0.07197752251074864
1847,11.066879513758098,0.0656172086795171
1848,3.9213409079023527,0.05351392738521099
1849,5.271024436169217,0.068662073276937
1850,0.0,0.062322019424755126
1851,0.0,0.060747808466355004
1852,2.741516998480944,0.07274959138816312
1853,0.0,0.07939511459941666
1854,5.426203764861878,0.08655739575624466
1855,4.134490312179349,0.09707821533083916
1856,0.0,0.0806953268746535
1857,3.714280811757517,0.08925389871001244
1858,5.358934213672787,0.08556751410166423
1859,0.0,0.07041831023991107
1860,4.390172603263771,0.08577680507940906
1861,0.0,0.0898362785577774
1862,0.0,0.07859886802732945
1863,5.089109206960486,0.09305660724639893
1864,0.0,0.07416974991559983
1865,8.645596425412748,0.08427179072584425
1866,3.9947448477497636,0.07313446700572968
1867,9.618725305049116,0.08693507075723675
1868,0.0,0.09113477632403373
1869,10.160372681413056,0.06910795867443084
1870,5.253243717588592,0.06450486058990161
1871,4.1765931268222936,0.05412268219515681
1872,0.0,0.07563611742188321
1873,6.928199377559572,0.07448018901050091
1874,0.0,0.06947005540132523
1875,6.609036046899444,0.07472260834442244
1876,7.2076583391719256,0.07160038153330485
1877,0.0,0.06446723775782932
1878,0.0,0.07366786604481083
1879,7.686441931616251,0.07590329647064209
1880,0.0,0.06973249602474664
1881,4.915385622548577,0.07067233675883876
1882,5.080735187033476,0.05810047686100006
1883,4.901291481204635,0.06711620305265699
1884,0.0,0.08937141400846568
1885,4.651768284376407,0.08341007679700851
1886,3.6208442769870377,0.0693770207464695
1887,5.3014101401533145,0.10512069053947926
1888,0.0,0.06732843646948988
1889,2.9615804152810847,0.05256009350220362
1890,0.0,0.0593652090589915
1891,9.132055764916096,0.06573802473790505
1892,0.0,0.06944571305066347
1893,5.085323629299399,0.07146155089139938
1894,7.117907608548975,0.07259358232840896
1895,8.230889243453248,0.06929080684979756
1896,0.0,0.07069115865975618
1897,10.007617657452498,0.07761442909638087
1898,5.311536326913512,0.08369936731954415
1899,0.0,0.07496944650314576
1900,0.0,0.07796810609711842
1901,0.0,0.06105088361579439
1902,3.6897340931280715,0.08312420174479485
1903,3.6166215976220797,0.057357541152409146
1904,0.0,0.05536583062023558
1905,2.352737733832004,0.06601196834041427
1906,5.414009580332384,0.05702337063848972
1907,4.465544507419402,0.08001843715707462
1908,0.0,0.06536814756691456
1909,8.877029152476686,0.07762009184807539
1910,0.0,0.06803643610328436
1911,5.246142119272904,0.06714870221912861
1912,6.58204630569858,0.08048737421631813
1913,6.990099004922801,0.05026218915979067
1914,5.6777444396473475,0.08376536481082439
1915,2.339782832215708,0.06575101982478214
1916,3.2380308432815097,0.12956195697188377
1917,3.0569900516777957,0.04513615183532238
1918,3.9795340951539506,0.07660244591534138
1919,5.391945461076673,0.070053792135282
1920,0.0,0.07538175658184162
1921,3.353597524057795,0.06669788807630539
1922,2.9140354394644814,0.059603625908493996
1923,6.3811111743920925,0.06783224456012249
1924,7.005490114903369,0.08353567495942116
1925,3.131628460712424,0.0911558847874403
1926,4.387793410132932,0.05165470354259014
1927,6.180445758392287,0.06657434813678265
1928,3.56240810548468,0.08104217166288032
1929,5.562001335760983,0.10914159566164017
1930,4.829406936382861,0.08520519041589328
1931,5.130070113310639,0.144912987947464
1932,6.128009091744841,0.0677268635481596
1933,4.282749202502266,0.09181902060906093
1934,6.177459602855016,0.08441733196377754
1935,0.0,0.08010562238000009
1936,0.0,0.07267786090572675
1937,3.8041216194927054,0.08074385051925977
1938,6.6723310668680735,0.10819191485643387
1939,0.0,0.08138027461245656
1940,11.725042314891963,0.08503116283452872
1941,6.734284143524893,0.08711561560630798
1942,5.7744657206640335,0.10473391351600488
1943,5.731103162689935,0.09872737973928451
1944,5.358674730012966,0.09331530751660466
1945,0.0,0.09242638241913584
1946,5.2592985872235,0.10470427945256233
1947,0.0,0.10077771163828995
1948,8.311230613169213,0.11079753190279007
1949,6.85154116109044,0.08149775490164757
1950,8.7131294642886,0.09965466047552499
1951,6.6833901638116044,0.09117519669234753
1952,0.0,0.07078398019075394
1953,7.857645699265796,0.09707864536903799
1954,8.270976559630434,0.08160131331533194
1955,10.133005027459408,0.10449683203779418
1956,9.61666783864046,0.10269260349181983
1957,5.375404597585453,0.09688668822248776
1958,5.498998805100017,0.1096888514501708
1959,0.0,0.10565596140730076
1960,0.0,0.1060163476282642
1961,0.0,0.10000029645860195
1962,2.7855282996370505,0.10537783563771147
1963,7.054291588683715,0.10959615806738536
1964,5.795300946924783,0.09583162356700216
1965,5.4843821624277345,0.10442591503989405
1966,8.48143112613606,0.08976682263892144
1967,0.0,0.12178944051265717
1968,5.703011434742573,0.09709000028669834
1969,9.079535848097057,0.09957958066037723
1970,0.0,0.10770846781681995
1971,5.799092258594657,0.09358467037479083
1972,8.639420824870646,0.09556969751914342
1973,0.0,0.10482181864125388
1974,0.0,0.09267786517739296
1975,0.0,0.10250507553832398
1976,0.0,0.09724554874002933
1977,6.6196508252111546,0.09658373296260833
1978,0.0,0.08650854229927063
1979,8.910196483942698,0.11430545275410016
1980,5.497995875232263,0.11691120639443398
1981,0.0,0.09656874396097966
1982,9.913400345107558,0.10551556101755093
1983,10.67719166988774,0.10750769600272178
1984,10.321276947215674,0.10453493623384114
1985,0.1407004885327324,0.10853517822483007
1986,6.897489840971927,0.08199856132268905
1987,0.0,0.08860130068294857
1988,10.843334783177406,0.10791910655404392
1989,0.0,0.10025164168892485
1990,7.909115761772064,0.07693826705217362
1991,0.0,0.09615443646907806
1992,4.406730909305702,0.09704640507698059
1993,14.028927118113582,0.10887984319456986
1994,9.919072556063604,0.09768022916146687
1995,6.175642457908488,0.09314874807993571
1996,9.130386397324765,0.08309258644779523
1997,0.0,0.09533669382333755
1998,8.355670940044176,0.1007645030816396
1999,0.0,0.09246779960948368
2000,0.0,0.09275367359320323
2001,3.2181780943888487,0.09313810905441641
2002,6.123352592952469,0.08520269133150578
2003,7.279308573744304,0.10472242906689644
2004,9.492716439057128,0.08091829645056878
2005,8.472402609051537,0.09721709974110126
2006,10.741231583721373,0.0873382401963075
2007,6.464293995292097,0.0873403549194336
2008,6.51291613323069,0.09006701409816742
2009,2.63445417062951,0.09678376458109693
2010,3.796615220986127,0.10040188930472549
2011,8.45735283263048,0.10311931413080958
2012,9.156852349925279,0.10757106586414225
2013,9.588725381567203,0.09619190809982163
2014,8.48893927309029,0.10590074012676874
2015,3.418645084132388,0.10656448975205421
2016,9.22652120388061,0.10589130905767281
2017,0.0,0.1003012271488414
2018,10.293857596211037,0.08971664756536483
2019,2.770825033541594,0.09916264165870169
2020,0.0,0.09817588422447443
2021,10.404342768723378,0.09787286875339654
2022,7.234308609658048,0.10467732846736907
2023,7.44946010700979,0.10227186280873514
2024,8.855775149095278,0.11353078670799732
2025,0.0,0.10825628605153825
2026,14.143597828411359,0.11118300780653953
2027,0.0,0.1029113107919693
2028,7.620138106805271,0.11834210902452469
2029,11.217835102949572,0.11578158697202093
2030,8.285337971821702,0.12766797468066216
2031,0.0,0.11895018249750137
2032,0.0,0.131507947742939
2033,3.559468367966043,0.12333422775069873
2034,6.298905598615481,0.1268648091823824
2035,8.892267540674686,0.1416624647875627
2036,0.0,0.1250826621055603
2037,0.0,0.13069522685625337
2038,0.0,0.1251003159582615
2039,4.12696552878866,0.11123260070343276
2040,0.0,0.10964067280292511
2041,3.123947524328672,0.11080037880429001
2042,10.215853213894084,0.09686184877699072
2043,0.0,0.10602003753185273
2044,0.0,0.1076515810762314
2045,6.177955597679546,0.10624778624624014
2046,8.794953625770594,0.12788959220051765
2047,0.0,0.1137156017869711
2048,4.773788532033458,0.10590536666235753
2049,9.04427424432062,0.10917014380296071
2050,0.0,0.10767559872733222
2051,6.559306165890606,0.0971484767163501
2052,5.191312922892682,0.11141955526545644
2053,5.633779565831002,0.119643632548325
2054,8.529313214547738,0.10916987605966054
2055,0.0,0.1100785735134895
2056,0.0,0.10915268070995808
2057,0.0,0.10569001574601446
2058,8.619093619324058,0.11548345287640889
2059,4.593724879137287,0.11039224000913757
2060,7.375949447316512,0.1344606081644694
2061,0.0,0.11136949270963668
2062,9.22420801002027,0.1203421460730689
2063,6.135242921353894,0.09003442078828812
2064,0.0,0.11991519128021441
2065,5.391764512649569,0.11453738316893577
2066,7.299742764093937,0.10005463287234306
2067,8.52302923966916,0.11031571544449904
2068,0.0,0.11516379589034666
2069,0.0,0.11000096000730991
2070,0.0,0.12756667037804922
2071,3.3957823376202954,0.10460507879033684
2072,9.177033191411429,0.10581504082993458
2073,8.580058674012943,0.10704681008226341
2074,8.249054636098322,0.11312376335263252
2075,0.0,0.10166482345477955
2076,0.0,0.09895622165817203
2077,0.0,0.10004419476744976
2078,6.3947946322641975,0.12572922309239706
2079,6.808575080602119,0.1025181591976434
2080,4.069257925750936,0.09869559109210968
2081,0.0,0.09882339634574376
2082,0.0,0.1174032362621455
2083,4.261102772550661,0.11002854370447092
2084,0.0,0.1254735517501831
2085,0.0,0.10442924318023217
2086,5.716858388861056,0.10615871412058671
2087,0.0,0.11064089231193065
2088,0.0,0.10568740338087082
2089,5.427448977518972,0.1022942066192627
2090,3.738007732949774,0.11404451497253917
2091,6.990146324948294,0.1094026431441307
2092,0.0,0.10557980842888355
2093,0.0,0.12307843416929246
2094,5.676704025458293,0.11191070228815078
2095,5.166494127445925,0.11338370852172375
2096,6.486898572169501,0.08183972463011742
2097,8.222633292822728,0.11032873498541969
2098,0.0,0.11413900654476422
2099,0.0,0.10220588132739067
2100,3.8479791615002306,0.10897731722185486
2101,5.888951273136303,0.14186101158459982
2102,7.626046402284615,0.14715772015707834
2103,7.457895196843922,0.13065795451402665
2104,4.961249841857648,0.10331884523232777
2105,6.582783228754207,0.1285237494856119
2106,0.0,0.10953691735863685
2107,5.023352735760044,0.10306103825569153
2108,0.0,0.1063126977533102
2109,5.972547446273904,0.10844586621969939
2110,0.0,0.09961868554353714
2111,5.485046404497065,0.10188995572653683
2112,6.276402515850172,0.11306379859646161
2113,0.0,0.12176047356761231
2114,5.2807886969879245,0.11310645299298423
2115,0.0,0.11967363618314267
2116,0.0,0.1252479932524941
2117,4.933971924325704,0.1561170028788703
2118,0.0,0.11145652271807194
2119,5.315075098044463,0.12761910632252693
2120,7.142361927151855,0.11080467700958252
2121,0.0,0.12512409555104873
2122,0.0,0.1183212511241436
2123,0.0,0.11787802308797836
2124,0.0,0.12218090963478272
2125,7.943351314738424,0.12696192481301047
2126,4.534936800715543,0.11401199809078014
2127,0.0,0.10715272866189479
2128,8.770321217432594,0.09578309580683708
2129,5.464130410926812,0.1229535745722907
2130,0.0,0.11627676554024219
2131,4.734279565247632,0.10511753801256418
2132,5.642656181110354,0.11747198924422264
2133,0.0,0.11594064749777316
2134,8.044933733329387,0.110612108061711
2135,4.887289365751222,0.12571252716912162
2136,0.0,0.10876791387796401
2137,5.117347073442559,0.1086076210652079
2138,5.19074212712932,0.12238870419207074
2139,0.0,0.12153873101193854
2140,5.261326554118619,0.09672388931115468
2141,5.51964267007221,0.10455972825487454
2142,5.13770605325935,0.10381578654050827
2143,0.0,0.11524894990026952
2144,6.7273392270854115,0.11402902121727283
2145,0.0,0.10148523794487119
2146,6.1553451820281815,0.07955559343099594
2147,8.17457607433145,0.08293155767023563
2148,6.115477820471147,0.09957850505323972
2149,4.409456832070872,0.08428810350596905
2150,8.0067939109326,0.1209463355216113
2151,6.317282265258633,0.12803252839616366
2152,7.397457556315302,0.09544887156649069
2153,0.0,0.07467959150671959
2154,5.314435733360634,0.1034052411991137
2155,0.0,0.09132620044052601
2156,5.793242432512547,0.09081070550850459
2157,6.692293643341378,0.10243453706304233
2158,5.20039438555304,0.08560361180986677
2159,5.807812640435311,0.06991990469396114
2160,4.07459509453228,0.0968736292173465
2161,6.16932624943797,0.10862184812625249
2162,6.735289559898541,0.08208220303058625
2163,0.0,0.10150559945032
2164,5.264633106934042,0.11291505489498377
2165,5.748095776293601,0.10832839459180832
2166,4.997552029569991,0.10009459406137466
2167,5.102510260858826,0.07837149053812027
2168,5.319829597583308,0.09440635576059944
2169,5.788145026889523,0.09630340018442698
2170,4.521889984296579,0.09269271915157636
2171,0.0,0.10812093216615419
2172,7.824519732594303,0.09260548037641189
2173,0.0,0.09196712359786034
2174,7.4698053825526864,0.10054092903931935
2175,5.1220377616583495,0.11411796137690544
2176,5.917147553531996,0.06342206709086895
2177,4.485018818849205,0.07617681473493576
2178,5.603447157053326,0.10019232581059138
2179,0.0,0.09977507421916182
2180,0.0,0.10194046678952873
2181,5.552129228027306,0.0984915941953659
2182,3.6560136299134243,0.0883911750637568
2183,0.0,0.10700521443752532
2184,7.1276861235389175,0.10643159300088882
2185,4.010116408110034,0.0861414058198189
2186,6.601146793453974,0.09536359728210503
2187,5.009902603497939,0.09900634456425905
2188,0.0,0.08802268502055383
2189,0.0,0.09239808044263295
2190,0.0,0.0891481927069633
2191,7.702714558447481,0.09426168141805608
2192,0.0,0.09205496559540431
2193,0.0,0.12499845400452614
2194,5.4679631886855615,0.09546086266636848
2195,0.0,0.09159093469381333
2196,5.290694534361274,0.11165190736452739
2197,7.245132730187107,0.10207025094756059
2198,6.410957228031845,0.054088521748781204
2199,9.729188568788283,0.07962983561789289
2200,9.595966901291042,0.0873322539307453
2201,0.0,0.09118224151432514
2202,5.092028907738858,0.0868199672549963
2203,5.277105987930778,0.11414338399966557
2204,4.716414324035473,0.09492755867540836
2205,4.334896182400581,0.10366964091857274
2206,5.097425526494621,0.07316290959715843
2207,0.0,0.08451897099614143
2208,3.6200615199076878,0.0927556227626545
2209,5.42885188006404,0.0912416900197665
2210,5.42496103424442,0.08971991969479455
2211,7.191499943768181,0.07650780139697923
2212,6.0980661227981035,0.08501596519580254
2213,0.0,0.08976611130767398
2214,4.556164685490739,0.08371356012005556
2215,4.394258987558534,0.08563505574351266
2216,4.697432195709256,0.0631567295640707
2217,5.4964638052030965,0.1009541584385766
2218,6.672391163340691,0.07330958172678947
2219,4.109235573087242,0.15973670035600662
2220,0.0,0.08942021936178207
2221,0.0,0.09142268385465552
2222,4.914764678029377,0.09532136368480595
2223,5.246608117154911,0.10015888139605522
2224,0.0,0.10348741941981845
2225,3.795338518364199,0.09879292870561282
2226,0.0,0.08948760038735915
2227,4.5235005658403065,0.0728069408214651
2228,5.264404685905047,0.07460951304270161
2229,7.622044224247885,0.08413252143227325
2230,8.711473249121449,0.077335760411289
2231,5.8099999644432785,0.08210862862567107
2232,4.697443016641475,0.11628595553338528
2233,7.679216749385453,0.08328935457393527
2234,4.826212030727401,0.10136705317667552
2235,6.502184094716863,0.07703212896982829
2236,6.313513874431666,0.08624953563724246
2237,0.0,0.0856491357833147
2238,4.353101274381611,0.07558413403374808
2239,4.3980020447294335,0.080996073782444
2240,5.157096918393708,0.0649295300245285
2241,9.501723469860734,0.08378429019025393
2242,7.501531898905802,0.08277266873763157
2243,4.349469203453804,0.07664224784821272
2244,4.694627879688514,0.0676409447831767
2245,6.057568359020041,0.06958678811788559
2246,6.333149821539955,0.07565077091567218
2247,8.567594032324067,0.0696630244039827
2248,6.647944760392445,0.11772728214661281
2249,0.0,0.07568422096724413
2250,6.024028558791422,0.06676229238510131
2251,5.164395644965451,0.07401777524501085
2252,6.402779127452607,0.0934321047852234
2253,7.4747898211157455,0.06740446016192436
2254,7.828225310475478,0.07861814200878144
2255,6.157338050124565,0.07740201987326145
2256,8.941995742989068,0.09132348781540281
2257,0.0,0.08201545362289135
2258,0.0,0.08205617744475603
2259,0.0,0.09256565637886524
2260,7.1886563303097555,0.09134083148092031
2261,7.246750017866489,0.07742013968527317
2262,6.8033283884490645,0.08520490474378069
2263,10.006757018466388,0.08785737864673138
2264,5.845730339324012,0.10169361298903823
2265,5.661865634087071,0.10032372841877597
2266,7.044764871330781,0.09896377349893253
2267,0.0,0.09105950213968754
2268,8.940596410496942,0.13066188916563987
2269,0.0,0.08585844234544404
2270,6.0135766037653715,0.09843023866415024
2271,5.017460275280847,0.09850870090581122
2272,6.407351278686695,0.0808211366335551
2273,6.6326369545383095,0.09063579235225916
2274,0.1343304842283689,0.09043551214477595
2275,6.589560191791329,0.11778404315312703
2276,6.535769117658358,0.09013538597070653
2277,8.251158196317904,0.08341767142216365
2278,0.0,0.07996933669265774
2279,6.46392988741088,0.07935571484267712
2280,0.0,0.09042246763904889
2281,5.853100980762472,0.09557524796675991
2282,7.678440156070184,0.1131250432559422
2283,6.776555131310005,0.12470720708370209
2284,6.11605613756746,0.10688185816009839
2285,5.963343654922161,0.09539844281971455
2286,8.704062744445608,0.10250181975689801
2287,7.642712167126,0.09613672982562672
2288,5.493192345094764,0.08123078657423749
2289,5.232306539995396,0.11111238598823547
2290,6.2075221985279905,0.08489497310735962
2291,0.0,0.09541875741311483
2292,0.0,0.08404692355543375
2293,7.016961655854506,0.08111262917518616
2294,7.168583871242732,0.08433582913130522
2295,7.743683463680363,0.07120117824524641
2296,7.982798801346746,0.08123218454420567
2297,4.474263017759986,0.08067485673183744
2298,6.690162385392428,0.08168448507785797
2299,7.080175345721913,0.0791024665037791
2300,10.142179075367812,0.07982170302420855
2301,6.603073745965107,0.0842866231687367
2302,6.789428028674733,0.10049501682321231
2303,3.679218113391588,0.09615830686830339
2304,0.05898486025322987,0.09408180192112922
2305,6.331339130068033,0.10020485753193498
2306,0.0,0.08493856049608439
2307,0.0,0.09356643956154585
2308,5.855473934457834,0.09777418394782106
2309,3.1202095860087926,0.09191787593066693
2310,6.866241822911788,0.10168095678091049
2311,0.0,0.09406434654286414
2312,8.240146504108491,0.11544856503605842
2313,0.0,0.10207039802461057
2314,7.851172529857417,0.09017924517393112
2315,0.0,0.10305731371045113
2316,0.0,0.09845957629382611
2317,0.0,0.10122420966625213
2318,6.8892985576683365,0.11998758651316166
2319,9.501397215745872,0.08560430672433642
2320,7.468494099196432,0.10339388251304626
2321,7.459781559819306,0.09565033274702728
2322,0.0,0.09397723929335673
2323,6.46071203246004,0.12514199316501617
2324,0.0,0.10803024843335152
2325,0.0,0.11002740233733847
2326,7.730122541981106,0.09070137143135071
2327,7.0848129042998265,0.12635298585519195
2328,8.52685665104483,0.0999241711364852
2329,0.0,0.10680206437353734
2330,0.0,0.11356966204941273
2331,7.559883681039209,0.10787791936170488
2332,0.0,0.11762931083257382
2333,5.510989641491905,0.10061535829057296
2334,6.517007244848324,0.12884102069905826
2335,6.163809463220891,0.08874704440434773
2336,5.90182417347315,0.0992189347743988
2337,7.134650489899661,0.0877845548093319
2338,0.0,0.0919847996532917
2339,6.688832048370074,0.10470619301001231
2340,7.328461416864358,0.07354165986180305
2341,8.38543830458901,0.1030973181128502
2342,0.0,0.09300783477723598
2343,5.78137347836355,0.09525642693042755
2344,7.161316410596537,0.07549433931708335
2345,0.0,0.09672784736874152
2346,0.0,0.07132243365049362
2347,8.06381757778508,0.09535516368655059
2348,0.0,0.09860583427879545
2349,0.0,0.09922662779688834
2350,6.501899423880389,0.08712482452392578
2351,0.0,0.09186351084046894
2352,7.086916200647026,0.10698413383215666
2353,6.85005256361065,0.09245542685190837
2354,0.0,0.0884649474628088
2355,0.5751951237154902,0.09456279873847961
2356,0.0,0.0924417532980442
2357,7.6551964571755775,0.09004219248890877
2358,6.5342829847197965,0.08190315304433599
2359,0.0,0.09295620348973152
2360,6.3543470629038525,0.07858918234705925
2361,5.985707266165755,0.08875572681427002
2362,6.7781652808911135,0.09480119662152396
2363,3.9362083638124647,0.09000674597918987
2364,5.8133159053917085,0.07152338325977325
2365,0.0,0.08264369393388431
2366,0.0,0.10869039435471807
2367,6.972506315500774,0.0879356125369668
2368,0.0,0.10355373285710812
2369,5.9162990054181535,0.09363874286795273
2370,0.0,0.09783137108509739
2371,0.0,0.10509686529636383
2372,8.754333265260241,0.11345646165311336
2373,7.248922578031143,0.10942066833376884
2374,5.111761792609036,0.11428552849785141
2375,7.457613501992294,0.12472005039453507
2376,9.893602843889521,0.12119580265776865
2377,0.0,0.10803618803620338
2378,8.873471176449959,0.10849621519446373
2379,6.436619720229345,0.12012910470366478
2380,10.064738030065735,0.12761811427772046
2381,8.431710516267216,0.15709204226732254
2382,0.0,0.12253964005245102
2383,0.0,0.1168864860948993
2384,0.0,0.12876103727184995
2385,0.0,0.13576288910015769
2386,0.0,0.133936048746109
2387,9.537354424325217,0.11146226897835732
2388,6.739902419789841,0.1425165335337321
2389,2.4297138865088543,0.13335319235920906
2390,7.320840420565658,0.12776190668344498
2391,0.0,0.13505490727367855
2392,0.0,0.1247844797714303
2393,5.9081537255366605,0.12807015116725648
2394,0.0,0.14624407410621643
2395,9.201384126276517,0.11944057449698448
2396,0.0,0.12613624717508043
2397,8.312435537318395,0.11539580406887191
2398,0.0,0.12780721962451935
2399,6.383607760190178,0.12136922925710678
2400,9.347308835084029,0.12546072076810033
2401,6.621566891818029,0.12512962967157365
2402,6.061743934905784,0.12223477102816105
2403,10.761063538344835,0.13733109831809998
2404,5.5420771002785605,0.09701240931948026
2405,10.278424174140154,0.1311204120516777
2406,6.488971502322051,0.12789971700736455
2407,7.26092249855761,0.12316933449576883
2408,6.071085430356526,0.12541990727186203
2409,7.211563064240844,0.1045508301329045
2410,5.54347612541121,0.13710624476273855
2411,6.84774656665015,0.13068642118014395
2412,7.817024325639258,0.13830228788512094
2413,0.0,0.12107426926493645
2414,6.798503088969602,0.12743693164416722
2415,6.63410404187394,0.13686092663556337
2416,0.0,0.13731390270202057
2417,5.278414544528863,0.11594781279563904
2418,8.05095544612006,0.12005946326714295
2419,0.0,0.13256020212964137
2420,6.162551605828449,0.1120569109916687
2421,0.0,0.13782505318522453
2422,6.045574577589182,0.1226780153810978
2423,8.287103926000972,0.10847249928684462
2424,7.0373205271403485,0.13232159188815526
2425,5.594186553931587,0.10175767987966537
2426,5.264708574385715,0.09949116834572383
2427,0.0,0.11777766009694651
2428,5.316204302223644,0.14842026680707932
2429,6.653561452001023,0.10679932683706284
2430,0.0,0.12149782301858067
2431,5.910337891656243,0.11692154083562933
2432,9.624851377893627,0.12212393656373025
2433,0.0,0.13958906941115856
2434,6.801768014733429,0.13856105592388374
2435,0.0,0.1445352932488596
2436,13.511617367174582,0.12579308624844998
2437,7.786229975813429,0.164622546484073
2438,0.0,0.13223616969078145
2439,5.309562726610435,0.15342907048761845
2440,0.0,0.13057326586270818
2441,6.287506336846184,0.12345972135663033
2442,0.0,0.12014775328338147
2443,4.84721397208567,0.16323414593935012
2444,0.0,0.1346404483275754
2445,0.0,0.13644897808529893
2446,4.637188294819386,0.11219759699371126
2447,5.759521234682131,0.10426167957484722
2448,0.0,0.1395370779931545
2449,0.0,0.12244851276278496
2450,0.0,0.09464111924171448
2451,7.514204808327353,0.14754614233970642
2452,6.96313282042138,0.13060564760650908
2453,7.665074488014668,0.14359474927186966
2454,5.931654051096163,0.10036404058337212
2455,5.373898474314775,0.1127778689066569
2456,0.0,0.12937359876455146
2457,0.0,0.11307258252054453
2458,7.188808241214318,0.14588465789953867
2459,6.2864407649311564,0.09131458401679993
2460,0.0,0.13515897288918496
2461,5.1507340485826,0.1306176893413067
2462,0.0,0.14675419360399247
2463,4.558286455678337,0.08716967950264613
2464,0.0,0.10793171225426097
2465,0.7977769346990582,0.1464087814092636
2466,8.0256128550078,0.14060274759928384
2467,4.711726431224258,0.09862102195620537
2468,4.686925231786819,0.08778662731250127
2469,0.0,0.12013478927314282
2470,5.356685193928639,0.13888822495937347
2471,0.0,0.14012006528675555
2472,4.473006973228581,0.1374269723892212
2473,3.7296962472852306,0.1375848602131009
2474,7.65867194437519,0.12437964472919702
2475,7.085455035211021,0.11613212460104157
2476,0.0,0.13107831209897994
2477,5.965122271276007,0.15184003859758377
2478,7.4346750982794765,0.1353710874915123
2479,9.145420466093139,0.12557367533445357
2480,5.329082902543512,0.08021500209967296
2481,0.0,0.13198484124048895
2482,5.306778341376378,0.16036463975906373
2483,0.15988467399404033,0.13606210947036743
2484,6.8161982590702594,0.1432941649109125
2485,7.658870331591782,0.13370758874548805
2486,6.791107347810009,0.12038815532017637
2487,6.4800508428940695,0.14927698991128377
2488,5.0240105565364805,0.14850017577409744
2489,8.15262403187036,0.1034246701747179
2490,5.4014091778696205,0.12062387402962756
2491,8.573702698648004,0.12182541257318329
2492,0.0,0.13277401861756347
2493,5.215433501537904,0.15646379937728247
2494,7.167977692219013,0.11641056256161796
2495,5.998321240969649,0.1560374230146408
2496,8.615925291510678,0.11916769709852007
2497,7.081451580151575,0.12271181552817947
2498,0.0,0.1275209387143453
2499,6.206382487918449,0.13378746109083295
2500,0.0,0.13610095888376236
